sample_name	virus	seqlen	mapped	chim_reads	n_bases_covered	frac_covered	TCGA	sample_type	sample_read_count	mapped_rpm
CESC-C5-A3HE-TP	HPV18	7857	12530	1637	7822	0.996	CESC	TP	82889736	151.16467496048
LIHC-DD-A1EI-NT	NC_003977_3182nt_Hepatitis_B_virus	3182	12350	64	2801	0.88	LIHC	NT	85912044	143.751672349921
CESC-EA-A5ZF-TP	HPV18	7857	11231	2023	1372	0.175	CESC	TP	58576315	191.7327848295
HNSC-TN-A7HL-TP	HPV16	7906	10862	0	4775	0.604	HNSC	TP	71000215	152.985452227152
LUSC-18-5595-TP	HPV16	7906	18784	2969	1246	0.158	LUSC	TP	96889619	193.870098715116
CESC-C5-A1M6-TP	HPV18	7857	9257	1461	4191	0.533	CESC	TP	62170315	148.89742797668
STAD-FP-7916-TP	NC_007605_171823nt_Human_gammaherpesvirus_4	171823	4865	0	18916	0.11	STAD	TP	114658689	42.4302775692822
STAD-FP-7916-TP	NC_009334_172764nt_Human_herpesvirus_4_type_2	172764	4264	0	17263	0.1	STAD	TP	114658689	37.188633824341
LIHC-DD-AAD5-TP	NC_003977_3182nt_Hepatitis_B_virus	3182	25236	65	2485	0.781	LIHC	TP	65598923	384.701437857448
LIHC-DD-A1EL-TP	NC_003977_3182nt_Hepatitis_B_virus	3182	13289	142	2593	0.815	LIHC	TP	97049038	136.930775140708
CESC-C5-A8XK-TP	HPV16	7906	31405	525	7342	0.929	CESC	TP	61058171	514.345573829914
CESC-UC-A7PI-TP	HPV18	7857	37777	7159	5765	0.734	CESC	TP	67790210	557.263357054064
HNSC-H7-A76A-TP	HPV16	7906	17221	165	6060	0.767	HNSC	TP	54269627	317.322984364717
LIHC-DD-AADP-TP	NC_003977_3182nt_Hepatitis_B_virus	3182	135195	12180	2772	0.871	LIHC	TP	59296016	2280.00140852633
CESC-VS-A953-TP	HPV16	7906	52817	2905	7907	1	CESC	TP	80809085	653.602252766505
CESC-FU-A2QG-TP	HPV16	7906	51826	16	7628	0.965	CESC	TP	94241101	549.929907970833
HNSC-CN-A499-TP	HPV16	7906	44812	8585	3417	0.432	HNSC	TP	63227926	708.737465151079
CESC-FU-A3TQ-TP	HPV16	7906	33868	18	7202	0.911	CESC	TP	99389002	340.762049306019
STAD-BR-7958-TP	NC_009334_172764nt_Human_herpesvirus_4_type_2	172764	1025	0	11552	0.067	STAD	TP	50013173	20.4946004925542
STAD-BR-7958-TP	NC_007605_171823nt_Human_gammaherpesvirus_4	171823	1120	0	10861	0.063	STAD	TP	50013173	22.3941000504007
CESC-MA-AA3X-TP	HPV16	7906	64286	81	7226	0.914	CESC	TP	58416387	1100.47887761357
HNSC-CR-6487-TP	HPV16	7906	15945	397	6731	0.851	HNSC	TP	86576284	184.172838834247
CESC-C5-A1BF-TP	HPV18	7857	3929	546	1673	0.213	CESC	TP	83889605	46.835361782905
CESC-VS-A8Q9-TP	HPV51	7808	96132	8897	5167	0.662	CESC	TP	63256321	1519.72164173127
LIHC-BC-A10W-NT	NC_003977_3182nt_Hepatitis_B_virus	3182	20811	1981	2831	0.89	LIHC	NT	68147672	305.380938031163
SKCM-W3-AA1W-TM	NC_007605_171823nt_Human_gammaherpesvirus_4	171823	12240	0	13294	0.077	SKCM	TM	61556218	198.842625451746
SKCM-W3-AA1W-TM	NC_009334_172764nt_Human_herpesvirus_4_type_2	172764	11601	0	12225	0.071	SKCM	TM	61556218	188.461870740662
CESC-VS-A8EC-TP	HPV16	7906	24000	1175	7907	1	CESC	TP	60623567	395.885646253709
BLCA-GC-A3I6-TP	HPV16	7906	21126	16	7907	1	BLCA	TP	66066479	319.768819524952
LIHC-CC-A3MB-TP	NC_003977_3182nt_Hepatitis_B_virus	3182	68112	4006	2897	0.91	LIHC	TP	83205246	818.602230921834
LIHC-DD-A11A-TP	NC_003977_3182nt_Hepatitis_B_virus	3182	7825	3267	2922	0.918	LIHC	TP	74872702	104.510720075255
CESC-VS-A94W-TP	HPV16	7906	39358	21	7649	0.967	CESC	TP	67754693	580.889651437134
STAD-BR-7196-TP	NC_007605_171823nt_Human_gammaherpesvirus_4	171823	4272	8	26701	0.155	STAD	TP	97042118	44.0221224355388
STAD-BR-7196-TP	NC_009334_172764nt_Human_herpesvirus_4_type_2	172764	7326	11	24265	0.14	STAD	TP	97042118	75.4929936710573
CESC-DS-A0VM-TP	HPV16	7906	50850	165	7876	0.996	CESC	TP	96275188	528.173468744616
CESC-JW-A5VL-TP	HPV16	7906	83478	16355	7377	0.933	CESC	TP	67796908	1231.29509092067
LIHC-DD-AACP-TP	NC_003977_3182nt_Hepatitis_B_virus	3182	8950	641	2161	0.679	LIHC	TP	50996113	175.503572203631
CESC-LP-A4AW-TP	HPV16	7906	2797	541	2876	0.364	CESC	TP	58738337	47.6179637159288
HNSC-TN-A7HI-TP	HPV33	7909	18584	1518	7720	0.976	HNSC	TP	48798385	380.832275494363
CESC-Q1-A73O-TP	HPV18	7857	50686	7957	6049	0.77	CESC	TP	75166756	674.314054473762
STAD-VQ-A8E7-TP	NC_006273_235646nt_Human_betaherpesvirus_5	235646	3780	0	71696	0.304	STAD	TP	119573272	31.6124158582865
CESC-C5-A1MN-TP	HPV16	7906	23331	2107	7327	0.927	CESC	TP	69036229	337.952989871448
LIHC-DD-AACT-TP	NC_003977_3182nt_Hepatitis_B_virus	3182	8070	2202	1819	0.572	LIHC	TP	34446153	234.278701601308
HNSC-HD-7832-TP	HPV33	7909	20652	4538	1975	0.25	HNSC	TP	79882663	258.529187991642
CESC-EA-A411-TP	HPV16	7906	44382	60	7714	0.976	CESC	TP	106556384	416.511881634422
HNSC-CV-6939-TP	HPV33	7909	14540	652	5042	0.638	HNSC	TP	73488456	197.854204475326
LIHC-DD-A1EA-TP	NC_003977_3182nt_Hepatitis_B_virus	3182	45327	4526	2943	0.925	LIHC	TP	57021959	794.904292923363
CESC-ZJ-A8QR-TP	HPV16	7906	30868	0	7494	0.948	CESC	TP	53024858	582.142058730266
HNSC-BA-A4IG-TP	HPV16	7906	41672	182	7761	0.982	HNSC	TP	64323066	647.854690259945
LIHC-G3-A3CH-NT	NC_003977_3182nt_Hepatitis_B_virus	3182	58848	3667	3035	0.954	LIHC	NT	64366569	914.263427649841
LIHC-ZS-A9CF-TR	NC_001401_4679nt_Adeno_associated_virus_2	4679	1928	211	1029	0.22	LIHC	TR	59228836	32.5517118047027
CESC-DS-A0VN-TP	HPV16	7906	33945	3640	5743	0.726	CESC	TP	105684687	321.191281003652
LIHC-CC-A8HT-TP	NC_003977_3182nt_Hepatitis_B_virus	3182	4000	1467	1836	0.577	LIHC	TP	56573404	70.7046017595123
HNSC-RS-A6TP-TP	HPV16	7906	32201	442	6694	0.847	HNSC	TP	82617234	389.761293630334
CESC-EA-A3HT-TP	HPV16	7906	43797	27	7349	0.93	CESC	TP	94194018	464.965832543633
STAD-BR-8381-TP	NC_007605_171823nt_Human_gammaherpesvirus_4	171823	5337	0	42877	0.25	STAD	TP	73037806	73.0717458845902
STAD-BR-8381-TP	NC_009334_172764nt_Human_herpesvirus_4_type_2	172764	4161	91	35469	0.205	STAD	TP	73037806	56.9704955266592
CESC-EK-A2RA-TP	HPV52	7942	12076	404	6534	0.823	CESC	TP	89496210	134.933088227982
HNSC-DQ-7594-TP	HPV16	7906	29525	271	7773	0.983	HNSC	TP	77130279	382.793896026229
LIHC-DD-AADD-TP	NC_003977_3182nt_Hepatitis_B_virus	3182	35947	3441	1899	0.597	LIHC	TP	49730572	722.835039983051
CESC-EA-A3HR-TP	HPV73	7700	59086	11507	3545	0.46	CESC	TP	99865792	591.654047063483
CESC-FU-A3TX-TP	HPV18	7857	52207	622	7526	0.958	CESC	TP	93353025	559.242724057415
HNSC-CQ-5323-TP	HPV16	7906	5208	979	1675	0.212	HNSC	TP	46837001	111.194139009882
HNSC-CV-5971-TP	HPV16	7906	3942	625	4790	0.606	HNSC	TP	87137235	45.238984229876
CESC-C5-A1BK-TP	HPV16	7906	8006	1625	3158	0.399	CESC	TP	82246666	97.3413317446813
STAD-RD-A7C1-TP	NC_006273_235646nt_Human_betaherpesvirus_5	235646	4700	5	68682	0.291	STAD	TP	112994378	41.594989796749
CESC-Q1-A73R-TP	HPV16	7906	93980	2536	7907	1	CESC	TP	91425160	1027.94460518308
CESC-VS-A9V3-TP	HPV58	7824	26790	0	5463	0.698	CESC	TP	39286307	681.916984459751
CESC-VS-A8EK-TP	HPV35	7879	33345	3640	6208	0.788	CESC	TP	64792135	514.645797672819
CESC-EK-A2RC-TP	HPV16	7906	4790	700	1399	0.177	CESC	TP	72904538	65.7023572387222
CESC-EA-A5FO-TP	HPV16	7906	37892	341	6864	0.868	CESC	TP	53125752	713.251080191768
HNSC-DQ-7593-TP	HPV16	7906	19979	0	7263	0.919	HNSC	TP	76877943	259.879481947117
LIHC-DD-AACK-TP	NC_003977_3182nt_Hepatitis_B_virus	3182	45004	3690	2183	0.686	LIHC	TP	145730457	308.816708095549
CESC-JW-AAVH-TP	HPV16	7906	19527	5	7562	0.956	CESC	TP	52763663	370.084237707302
BLCA-FD-A3SN-TP	NC_006273_235646nt_Human_betaherpesvirus_5	235646	1306	0	31968	0.136	BLCA	TP	61289285	21.308781787877
HNSC-CR-6481-TP	HPV16	7906	18189	38	6338	0.802	HNSC	TP	92465009	196.712250360566
CESC-DS-A7WH-TP	HPV16	7906	20384	3435	2563	0.324	CESC	TP	63351202	321.761850706479
CESC-IR-A3LF-TP	HPV16	7906	54318	14	7808	0.988	CESC	TP	76872619	706.597494746471
CESC-C5-A3HF-TP	HPV18	7857	49185	543	7858	1	CESC	TP	80064224	614.319324446334
CESC-C5-A3HF-TP	HPV58	7824	8592	0	6421	0.821	CESC	TP	80064224	107.31384844247
CESC-VS-A8QM-TP	HPV16	7906	21713	5	6858	0.867	CESC	TP	66788171	325.102479599269
STAD-HU-A4G2-TP	NC_007605_171823nt_Human_gammaherpesvirus_4	171823	5209	0	16509	0.096	STAD	TP	130118078	40.0328692220615
STAD-HU-A4G2-TP	NC_009334_172764nt_Human_herpesvirus_4_type_2	172764	9027	0	16012	0.093	STAD	TP	130118078	69.3754483523804
CESC-DS-A0VK-TP	HPV16	7906	40561	134	7889	0.998	CESC	TP	99472197	407.762181024312
LIHC-ED-A7XP-TP	NC_003977_3182nt_Hepatitis_B_virus	3182	49603	3925	2825	0.888	LIHC	TP	61738362	803.438873224398
CESC-MU-A8JM-TP	HPV16	7906	25083	5157	3268	0.413	CESC	TP	68803523	364.559820577792
HNSC-CN-A6UY-TP	HPV16	7906	16483	0	6951	0.879	HNSC	TP	54769249	300.953551508439
STAD-BR-8686-TP	NC_009334_172764nt_Human_herpesvirus_4_type_2	172764	11819	39	20740	0.12	STAD	TP	59560606	198.436530346921
STAD-BR-8686-TP	NC_007605_171823nt_Human_gammaherpesvirus_4	171823	5673	7	20298	0.118	STAD	TP	59560606	95.2475198120046
CESC-VS-A9UI-TP	HPV52	7942	36708	5	4613	0.581	CESC	TP	37779964	971.626124365815
CESC-DS-A1OC-TP	HPV16	7906	23401	2463	7483	0.946	CESC	TP	59712873	391.892046460401
CESC-EX-A3L1-TP	HPV45	7858	17737	2649	2096	0.267	CESC	TP	74088049	239.404333619313
LIHC-BW-A5NP-TP	NC_003977_3182nt_Hepatitis_B_virus	3182	21350	5409	1683	0.529	LIHC	TP	68238594	312.872800397968
STAD-BR-6707-TP	NC_007605_171823nt_Human_gammaherpesvirus_4	171823	5371	0	19968	0.116	STAD	TP	76498332	70.2106811949834
STAD-BR-6707-TP	NC_009334_172764nt_Human_herpesvirus_4_type_2	172764	3710	0	19235	0.111	STAD	TP	76498332	48.4977894681416
CESC-C5-A8XH-TP	HPV16	7906	20075	961	6650	0.841	CESC	TP	75500676	265.891659036271
CESC-C5-A7X3-TP	HPV45	7858	29479	452	5396	0.687	CESC	TP	56039539	526.039302357573
HNSC-CR-7369-TP	HPV16	7906	11230	2166	2171	0.275	HNSC	TP	78660627	142.765198146717
STAD-BR-6455-TP	NC_007605_171823nt_Human_gammaherpesvirus_4	171823	9637	0	22977	0.134	STAD	TP	115610446	83.3575194407606
STAD-BR-6455-TP	NC_009334_172764nt_Human_herpesvirus_4_type_2	172764	7734	18	20045	0.116	STAD	TP	115610446	66.8970691454646
CESC-BI-A20A-TP	HPV16	7906	34453	132	7506	0.949	CESC	TP	78280825	440.12055314951
CESC-Q1-A73S-TP	HPV18	7857	12037	113	5327	0.678	CESC	TP	49990445	240.786014207315
STAD-VQ-AA69-TP	NC_007605_171823nt_Human_gammaherpesvirus_4	171823	10317	0	25661	0.149	STAD	TP	112592638	91.6312130460963
STAD-VQ-AA69-TP	NC_009334_172764nt_Human_herpesvirus_4_type_2	172764	10061	16	23444	0.136	STAD	TP	112592638	89.3575297525225
LIHC-QA-A7B7-TP	NC_003977_3182nt_Hepatitis_B_virus	3182	82087	1024	2580	0.811	LIHC	TP	83947541	977.836861236948
CESC-MA-AA41-TP	HPV16	7906	50706	4675	7581	0.959	CESC	TP	57715817	878.545997191723
STAD-BR-8366-TP	NC_009334_172764nt_Human_herpesvirus_4_type_2	172764	10683	8	33705	0.195	STAD	TP	128055902	83.4245031517563
STAD-BR-8366-TP	NC_007605_171823nt_Human_gammaherpesvirus_4	171823	5118	0	32335	0.188	STAD	TP	128055902	39.9669200721416
HNSC-HD-7754-TP	HPV16	7906	22043	1579	7900	0.999	HNSC	TP	92210560	239.050711762297
CESC-MY-A5BF-TP	HPV16	7906	17863	5	6803	0.86	CESC	TP	58851407	303.527152715312
LIHC-ED-A8O6-TP	NC_003977_3182nt_Hepatitis_B_virus	3182	59241	2410	2983	0.937	LIHC	TP	66556404	890.087150742098
CESC-VS-A9V5-TP	HPV16	7906	57691	1395	7895	0.999	CESC	TP	56265584	1025.33371021262
CESC-VS-A94Y-TP	HPV45	7858	6152	849	2332	0.297	CESC	TP	44809653	137.291846468885
HNSC-CV-5442-TP	HPV16	7906	5268	829	3934	0.498	HNSC	TP	61055600	86.2820118056329
CESC-C5-A0TN-TP	HPV16	7906	8286	1152	3809	0.482	CESC	TP	58392116	141.902718510835
LIHC-DD-AACD-TP	NC_003977_3182nt_Hepatitis_B_virus	3182	35042	66	2629	0.826	LIHC	TP	54836753	639.023977221992
LIHC-CC-A123-TP	NC_003977_3182nt_Hepatitis_B_virus	3182	12796	3122	2221	0.698	LIHC	TP	58847045	217.445073070364
LIHC-CC-A5UE-TP	NC_003977_3182nt_Hepatitis_B_virus	3182	16085	1117	2059	0.647	LIHC	TP	58628621	274.354056528125
CESC-IR-A3L7-TP	HPV18	7857	24616	4047	3763	0.479	CESC	TP	82021247	300.117358615628
HNSC-CR-6471-TP	HPV33	7909	56077	22686	3041	0.384	HNSC	TP	82837682	676.95037627924
LIHC-RC-A7S9-TP	NC_003977_3182nt_Hepatitis_B_virus	3182	14633	428	2237	0.703	LIHC	TP	73834896	198.185421700872
HNSC-CN-A49C-TP	HPV16	7906	8532	2391	6755	0.854	HNSC	TP	57917077	147.314064209421
CESC-Q1-A73Q-TP	HPV33	7909	60193	8639	6390	0.808	CESC	TP	60475381	995.33064537452
CESC-C5-A1MJ-TP	HPV18	7857	75729	709	7843	0.998	CESC	TP	96122507	787.83837795658
CESC-C5-A8XJ-TP	HPV33	7909	30308	5	4866	0.615	CESC	TP	62559216	484.468986951499
LIHC-G3-A25Z-TP	NC_003977_3182nt_Hepatitis_B_virus	3182	10368	537	2624	0.825	LIHC	TP	84819749	122.235683578833
CESC-IR-A3LK-TP	HPV31	7912	56765	1571	4105	0.519	CESC	TP	80313959	706.788716516888
CESC-C5-A907-TP	HPV18	7857	31467	4133	3921	0.499	CESC	TP	56338122	558.538319754428
CESC-DS-A5RQ-TP	HPV16	7906	13303	0	5976	0.756	CESC	TP	57239683	232.408694506572
CESC-UC-A7PD-TP	HPV16	7906	6221	981	3630	0.459	CESC	TP	70036584	88.825006085391
CESC-C5-A7X8-TP	HPV18	7857	45201	3012	7385	0.94	CESC	TP	57829930	781.619483198406
LUSC-96-A4JL-TP	NC_007605_171823nt_Human_gammaherpesvirus_4	171823	16195	129	27480	0.16	LUSC	TP	64425308	251.376369050498
LUSC-96-A4JL-TP	NC_009334_172764nt_Human_herpesvirus_4_type_2	172764	27757	11	25573	0.148	LUSC	TP	64425308	430.840004676423
CESC-EA-A6QX-TP	HPV58	7824	34453	42	5235	0.669	CESC	TP	61986028	555.818804844214
CESC-C5-A1BQ-TP	HPV31	7912	45473	66	6733	0.851	CESC	TP	95395712	476.67760999572
LIHC-DD-AACE-TP	NC_003977_3182nt_Hepatitis_B_virus	3182	11744	70	2999	0.942	LIHC	TP	47667516	246.373232454571
LIHC-DD-AADC-TP	NC_003977_3182nt_Hepatitis_B_virus	3182	6918	279	2580	0.811	LIHC	TP	38344175	180.418538148232
CESC-EX-A8YF-TP	HPV18	7857	8903	655	1733	0.221	CESC	TP	66224563	134.436523197594
CESC-DG-A2KK-TP	HPV16	7906	50716	155	5039	0.637	CESC	TP	82759960	612.808416050467
CESC-BI-A0VR-TP	HPV16	7906	23317	9	7707	0.975	CESC	TP	92794748	251.274996727185
LIHC-DD-AAD6-TP	NC_003977_3182nt_Hepatitis_B_virus	3182	10627	557	2624	0.825	LIHC	TP	34955364	304.01628774342
LIHC-DD-A1EH-NT	NC_003977_3182nt_Hepatitis_B_virus	3182	18691	3246	2546	0.8	LIHC	NT	75316442	248.166263616117
CESC-VS-A958-TP	HPV39	7833	2104	347	2417	0.309	CESC	TP	44531789	47.2471474254043
HNSC-DQ-7596-TP	HPV16	7906	46329	139	6747	0.853	HNSC	TP	86893203	533.171737264651
CESC-C5-A1MH-TP	HPV16	7906	14353	3669	6351	0.803	CESC	TP	86674622	165.596337991529
CESC-C5-A1ME-TP	HPV18	7857	3784	868	4114	0.524	CESC	TP	59881835	63.1911163043016
CESC-EA-A3Y4-TP	HPV45	7858	2936	438	2164	0.275	CESC	TP	91813788	31.977767870769
HNSC-BA-A4IH-TP	HPV16	7906	59111	2777	7904	1	HNSC	TP	69660429	848.5592300903
CESC-JW-A5VK-TP	HPV26	7855	8342	3195	2265	0.288	CESC	TP	65281034	127.785966135279
CESC-C5-A1MP-TP	HPV16	7906	15998	3232	7223	0.914	CESC	TP	61970823	258.153744383869
HNSC-UP-A6WW-TP	HPV16	7906	20350	0	6851	0.867	HNSC	TP	84182163	241.737670722478
STAD-D7-A6EZ-TP	NC_007605_171823nt_Human_gammaherpesvirus_4	171823	2707	0	20183	0.117	STAD	TP	93948310	28.8137168193872
STAD-D7-A6EZ-TP	NC_009334_172764nt_Human_herpesvirus_4_type_2	172764	2794	0	16559	0.096	STAD	TP	93948310	29.7397579583922
CESC-EK-A2RL-TP	HPV16	7906	25944	8762	4884	0.618	CESC	TP	101312288	256.079499458151
CESC-UC-A7PF-TP	HPV16	7906	16115	1917	6899	0.873	CESC	TP	57059175	282.426095365031
CESC-EK-A2RN-TP	HPV16	7906	9339	0	6650	0.841	CESC	TP	82315382	113.45388641943
CESC-EK-A2RB-TP	HPV16	7906	28147	7808	4310	0.545	CESC	TP	81332648	346.072588218202
CESC-FU-A5XV-TP	HPV18	7857	4985	903	1967	0.25	CESC	TP	60990642	81.733850251978
CESC-EA-A3QD-TP	HPV16	7906	37616	10352	7786	0.985	CESC	TP	75627616	497.384447501294
LIHC-UB-A7MC-TP	NC_003977_3182nt_Hepatitis_B_virus	3182	76193	4542	3008	0.945	LIHC	TP	84530347	901.368593695705
CESC-GH-A9DA-TP	HPV45	7858	19711	2929	2092	0.266	CESC	TP	67988805	289.915376509412
CESC-ZJ-AAXJ-TP	HPV16	7906	3788	258	6740	0.853	CESC	TP	47263373	80.1466285531504
CESC-EK-A2RO-TP	HPV16	7906	1416	219	4319	0.546	CESC	TP	60604441	23.3646243845397
STAD-CD-5801-TP	NC_007605_171823nt_Human_gammaherpesvirus_4	171823	3279	10	16263	0.095	STAD	TP	90004037	36.4316991692273
STAD-CD-5801-TP	NC_009334_172764nt_Human_herpesvirus_4_type_2	172764	5985	19	14465	0.084	STAD	TP	90004037	66.4970172393489
LIHC-DD-AADL-TP	NC_003977_3182nt_Hepatitis_B_virus	3182	72384	1366	2900	0.911	LIHC	TP	70616037	1025.03628177265
CESC-VS-A9U7-TP	HPV16	7906	18885	2273	7678	0.971	CESC	TP	92972088	203.125479982766
CESC-ZJ-AAX8-TP	HPV70	7905	22598	2383	2197	0.278	CESC	TP	64247003	351.736251417051
CESC-EK-A2PK-TP	HPV18	7857	10247	803	4670	0.594	CESC	TP	75473533	135.76944913921
CESC-C5-A1BI-TP	HPV16	7906	105063	322	7706	0.975	CESC	TP	112288781	935.650018321955
CESC-VS-A9UP-TP	HPV18	7857	38240	2049	7857	1	CESC	TP	48507683	788.32872722451
CESC-VS-A94Z-TP	HPV16	7906	10610	2148	2629	0.333	CESC	TP	59912423	177.091819504613
CESC-HM-A3JJ-TP	HPV16	7906	7547	2141	5515	0.698	CESC	TP	91360015	82.6072543880384
CESC-XS-A8TJ-TP	HPV16	7906	10633	75	7147	0.904	CESC	TP	68109500	156.116253973381
LIHC-DD-AAED-TP	NC_003977_3182nt_Hepatitis_B_virus	3182	1592	0	2358	0.741	LIHC	TP	49696040	32.0347456256072
LIHC-DD-AAE6-TP	NC_003977_3182nt_Hepatitis_B_virus	3182	2408	71	2263	0.711	LIHC	TP	59382052	40.5509732132531
LIHC-DD-AAVQ-TP	NC_003977_3182nt_Hepatitis_B_virus	3182	1852	11	1825	0.574	LIHC	TP	68691868	26.9609788454144
CESC-JW-A5VI-TP	HPV30	7852	25344	8914	1120	0.143	CESC	TP	64992968	389.949878885359
CESC-RA-A741-TP	HPV16	7906	9152	1141	3948	0.499	CESC	TP	53834094	170.003789791651
STAD-B7-5818-TP	NC_007605_171823nt_Human_gammaherpesvirus_4	171823	4577	0	14180	0.083	STAD	TP	90194502	50.7458869277864
STAD-B7-5818-TP	NC_009334_172764nt_Human_herpesvirus_4_type_2	172764	3618	0	13970	0.081	STAD	TP	90194502	40.1133097891044
BLCA-FD-A3B4-TP	HPV56	7845	4092	533	3130	0.399	BLCA	TP	86350030	47.3885185679727
CESC-LP-A5U3-TP	HPV16	7906	23617	4513	4298	0.544	CESC	TP	62100621	380.302155110494
HNSC-CN-5374-TP	HPV16	7906	13690	0	6329	0.801	HNSC	TP	58854459	232.607694176579
CESC-C5-A7CK-TP	HPV16	7906	34408	6480	4486	0.567	CESC	TP	79220059	434.334440472962
CESC-C5-A905-TP	HPV16	7906	37603	680	6552	0.829	CESC	TP	69175613	543.587521226592
LIHC-DD-AACW-TP	NC_003977_3182nt_Hepatitis_B_virus	3182	35096	494	2933	0.922	LIHC	TP	55636113	630.813299268409
STAD-FP-7998-TP	NC_007605_171823nt_Human_gammaherpesvirus_4	171823	7225	0	28505	0.166	STAD	TP	121744401	59.3456449795995
STAD-FP-7998-TP	NC_009334_172764nt_Human_herpesvirus_4_type_2	172764	5187	14	24078	0.139	STAD	TP	121744401	42.6056554337969
BLCA-GV-A3JZ-TP	NC_006273_235646nt_Human_betaherpesvirus_5	235646	4122	6	60186	0.255	BLCA	TP	93307676	44.1764298148418
HNSC-P3-A5Q5-TP	HPV16	7906	13763	185	5950	0.753	HNSC	TP	66674564	206.420547421952
HNSC-BB-7866-TP	HPV16	7906	57742	7674	7819	0.989	HNSC	TP	65181434	885.865751281262
CESC-EX-A1H5-TP	HPV16	7906	34252	172	6595	0.834	CESC	TP	83878170	408.354164140682
CESC-EK-A2R7-TP	HPV18	7857	9719	1589	7647	0.973	CESC	TP	89276811	108.863655535366
CESC-EA-A5ZD-TP	HPV58	7824	6406	1660	3219	0.411	CESC	TP	58878066	108.801128080532
CESC-ZJ-AB0H-TP	HPV18	7857	25316	100	2684	0.342	CESC	TP	44248643	572.130539686833
CESC-C5-A2LV-TP	HPV16	7906	17810	3925	3100	0.392	CESC	TP	89055718	199.987158601091
CESC-EX-A69L-TP	HPV16	7906	33051	3988	6725	0.851	CESC	TP	61918810	533.779638206871
CESC-C5-A1BN-TP	HPV45	7858	21554	3745	3388	0.431	CESC	TP	77142900	279.40354847951
CESC-VS-A957-TP	HPV33	7909	20051	0	4923	0.622	CESC	TP	23950932	837.169927249595
HNSC-KU-A6H7-TP	HPV16	7906	11828	2469	4749	0.601	HNSC	TP	69197735	170.930450252454
LIHC-CC-5264-TP	NC_003977_3182nt_Hepatitis_B_virus	3182	18763	728	2621	0.824	LIHC	TP	88978274	210.871701107621
CESC-C5-A1BM-TP	HPV18	7857	5180	898	1983	0.252	CESC	TP	94511406	54.808199552126
HNSC-CR-6470-TP	HPV16	7906	20429	0	7178	0.908	HNSC	TP	75747103	269.700083447416
CESC-C5-A7UH-TP	HPV16	7906	40890	430	7843	0.992	CESC	TP	65009057	628.989280678229
HNSC-BA-5559-TP	HPV16	7906	24631	982	7117	0.9	HNSC	TP	97039649	253.824083803106
CESC-C5-A3HL-TP	HPV16	7906	53822	56	7318	0.926	CESC	TP	84630814	635.962215842565
CESC-VS-A959-TP	HPV31	7912	12971	756	6707	0.848	CESC	TP	41228823	314.609999902253
CESC-C5-A8ZZ-TP	HPV16	7906	4137	187	4010	0.507	CESC	TP	66484168	62.2253406254554
CESC-JX-A5QV-TP	HPV16	7906	19000	13689	7752	0.981	CESC	TP	62511085	303.946092121101
CESC-LP-A4AU-TP	HPV18	7857	10594	852	4693	0.597	CESC	TP	72072981	146.989896255297
STAD-RD-A7BS-TP	NC_001806_152222nt_Human_alphaherpesvirus_1	152222	98955	371	131462	0.864	STAD	TP	103121816	959.593263951054
HNSC-CQ-A4CE-TP	NC_006273_235646nt_Human_betaherpesvirus_5	235646	1796	0	35127	0.149	HNSC	TP	65888745	27.2580696445197
HNSC-CR-6467-TP	HPV33	7909	68328	17	6258	0.791	HNSC	TP	113176333	603.730463682721
LIHC-DD-AAVP-TP	NC_003977_3182nt_Hepatitis_B_virus	3182	4768	292	2487	0.782	LIHC	TP	32996644	144.49954365056
KIRC-CJ-5681-NT	HPV18	7857	1748	68	4011	0.511	KIRC	NT	62422940	28.0025259944501
HNSC-BA-4077-TP	HPV16	7906	18399	3084	6339	0.802	HNSC	TP	57246678	321.398562201286
CESC-PN-A8MA-TP	HPV16	7906	5058	430	5089	0.644	CESC	TP	56364028	89.7380861424595
HNSC-KU-A6H7-TM	HPV16	7906	4396	10	3322	0.42	HNSC	TM	72379295	60.7356012517116
CESC-ZJ-AAXD-TP	HPV16	7906	17822	0	7584	0.959	CESC	TP	28793946	618.949552798356
CESC-ZJ-AAXN-TP	HPV45	7858	78135	4375	7590	0.966	CESC	TP	115786184	674.821445018
HNSC-CV-6433-TP	HPV16	7906	24233	0	6885	0.871	HNSC	TP	60348884	401.548436256087
LIHC-DD-AADN-TP	NC_003977_3182nt_Hepatitis_B_virus	3182	6934	278	1982	0.623	LIHC	TP	43226997	160.409014764546
HNSC-CR-5250-TP	HPV16	7906	26909	21	7192	0.91	HNSC	TP	66400392	405.253631635187
CESC-Q1-A5R2-TP	HPV16	7906	13314	6776	2449	0.31	CESC	TP	64637758	205.978678901579
CESC-VS-AA62-TP	HPV45	7858	23000	71	7577	0.964	CESC	TP	54726408	420.272421314405
HNSC-CV-7406-TP	HPV16	7906	3620	658	1859	0.235	HNSC	TP	77173770	46.9071291968761
READ-CI-6619-TP	NC_006273_235646nt_Human_betaherpesvirus_5	235646	2506	0	41828	0.178	READ	TP	68036632	36.8330989693905
HNSC-IQ-A61I-TP	HPV35	7879	50243	710	4964	0.63	HNSC	TP	67499779	744.343177775441
HNSC-BB-4228-TP	HPV16	7906	33122	29	6077	0.769	HNSC	TP	69196901	478.663054578123
STAD-BR-A4J4-TP	NC_007605_171823nt_Human_gammaherpesvirus_4	171823	18771	8	26505	0.154	STAD	TP	122110405	153.721544040412
STAD-BR-A4J4-TP	NC_009334_172764nt_Human_herpesvirus_4_type_2	172764	21349	41	25416	0.147	STAD	TP	122110405	174.833586048625
STAD-BR-8077-TP	NC_006273_235646nt_Human_betaherpesvirus_5	235646	2313	0	43956	0.187	STAD	TP	109630086	21.0982229823299
HNSC-BB-A6UM-TP	HPV16	7906	6711	1242	4103	0.519	HNSC	TP	71326121	94.0889523488877
CESC-EA-A1QS-TP	HPV39	7833	32417	4683	2844	0.363	CESC	TP	85428929	379.461622420667
HNSC-CR-5248-TP	HPV16	7906	16871	0	6958	0.88	HNSC	TP	58918105	286.346616205664
CESC-ZJ-AAXT-TP	HPV18	7857	2832	421	3011	0.383	CESC	TP	63777630	44.4042840726443
CESC-BI-A0VS-TP	HPV16	7906	16422	2019	7611	0.963	CESC	TP	106756522	153.826667376818
CESC-VS-A9UR-TP	HPV16	7906	9055	732	3623	0.458	CESC	TP	49066049	184.547160094345
HNSC-CR-6473-TP	HPV16	7906	6285	1565	4043	0.511	HNSC	TP	56556775	111.127269898257
CESC-C5-A7CH-TP	HPV16	7906	42545	7	7642	0.967	CESC	TP	58453057	727.849015663971
CESC-C5-A1ML-TP	HPV16	7906	23656	20	7765	0.982	CESC	TP	50489014	468.537571361564
CESC-EA-A97N-TP	HPV16	7906	23519	0	7436	0.941	CESC	TP	50676657	464.099279476939
LIHC-DD-AACA-TR	NC_003977_3182nt_Hepatitis_B_virus	3182	93424	10648	2473	0.777	LIHC	TR	70344091	1328.10018115097
BLCA-FD-A3N6-TP	NC_001355_7902nt_Human_papillomavirus_type_6b	7902	15464	0	6101	0.772	BLCA	TP	89498831	172.784379719999
BLCA-FD-A3N6-TP	HPV6	7996	18446	0	5925	0.741	BLCA	TP	89498831	206.103250667039
CESC-VS-A8EL-TP	HPV31	7912	29996	7219	5309	0.671	CESC	TP	69712343	430.28248240057
LIHC-DD-AADR-TP	NC_003977_3182nt_Hepatitis_B_virus	3182	29066	488	2625	0.825	LIHC	TP	52547611	553.136468944326
CESC-C5-A2LS-TP	HPV16	7906	28824	187	7590	0.96	CESC	TP	63682841	452.617997994154
CESC-C5-A901-TP	HPV16	7906	14234	1283	4106	0.519	CESC	TP	71030308	200.393330689204
LIHC-CC-A1HT-TP	NC_003977_3182nt_Hepatitis_B_virus	3182	3415	82	2610	0.82	LIHC	TP	101287769	33.7158181458217
HNSC-BA-5558-TP	NC_001806_152222nt_Human_alphaherpesvirus_1	152222	58647	79	116449	0.765	HNSC	TP	80063922	732.502212419721
BLCA-DK-A3IT-TP	NC_001538_5153nt_Human_polyomavirus_1	5153	37995	1296	4082	0.792	BLCA	TP	69101975	549.839566814118
CESC-C5-A2LY-TP	HPV16	7906	13017	5482	3863	0.489	CESC	TP	54562123	238.572095151063
HNSC-CR-7385-TP	HPV16	7906	29435	1375	7794	0.986	HNSC	TP	39061560	753.554133526669
CESC-VS-A8QA-TP	HPV16	7906	15316	2510	7252	0.917	CESC	TP	60174037	254.528377413003
CESC-IR-A3LL-TP	HPV16	7906	28068	0	7004	0.886	CESC	TP	85323938	328.958093800124
LIHC-DD-AAEK-TP	NC_003977_3182nt_Hepatitis_B_virus	3182	83178	741	2723	0.856	LIHC	TP	34377987	2419.51339384706
HNSC-CV-7100-TP	HPV33	7909	26016	298	7904	0.999	HNSC	TP	54248290	479.572720172378
HNSC-QK-A6V9-TP	HPV16	7906	41206	120	7825	0.99	HNSC	TP	69055738	596.706388106373
LIHC-DD-AADK-TP	NC_003977_3182nt_Hepatitis_B_virus	3182	9309	202	2400	0.754	LIHC	TP	105417619	88.3059216125911
CESC-IR-A3LH-TP	HPV45	7858	12573	2114	2707	0.344	CESC	TP	91544769	137.342637240146
CESC-FU-A3EO-TP	HPV16	7906	7517	10	4395	0.556	CESC	TP	62645232	119.993170429954
KICH-KN-8430-NT	NC_001699_5130nt_JC_polyomavirus	5130	9693	10	5035	0.981	KICH	NT	86600225	111.928115660208
CESC-C5-A7X5-TP	HPV35	7879	39786	4153	6439	0.817	CESC	TP	71133390	559.31539323516
LIHC-DD-AAC9-TP	NC_003977_3182nt_Hepatitis_B_virus	3182	46114	3810	1870	0.588	LIHC	TP	52216427	883.132045783217
STAD-BR-8589-TP	NC_009334_172764nt_Human_herpesvirus_4_type_2	172764	8837	0	20767	0.12	STAD	TP	59998700	147.286524541365
STAD-BR-8589-TP	NC_007605_171823nt_Human_gammaherpesvirus_4	171823	7024	19	19697	0.115	STAD	TP	59998700	117.069203166069
CESC-C5-A7UI-TP	HPV33	7909	2128	95	3783	0.478	CESC	TP	60229593	35.3314690338352
CESC-EK-A2IP-TP	HPV16	7906	21205	1725	3982	0.504	CESC	TP	81138514	261.343213655601
CESC-EK-A2IP-TP	HPV45	7858	1786	240	2937	0.374	CESC	TP	81138514	22.0117415509976
STAD-CG-5722-TP	NC_007605_171823nt_Human_gammaherpesvirus_4	171823	2089	0	16746	0.097	STAD	TP	90703410	23.0311076507487
STAD-CG-5722-TP	NC_009334_172764nt_Human_herpesvirus_4_type_2	172764	2195	0	14553	0.084	STAD	TP	90703410	24.1997516962152
HNSC-BB-4225-TP	HPV33	7909	82290	84	6806	0.861	HNSC	TP	75998185	1082.78901660612
COAD-AZ-6603-TP	NC_006273_235646nt_Human_betaherpesvirus_5	235646	1614	0	30855	0.131	COAD	TP	70729980	22.8191779497181
CESC-FU-A3YQ-TP	HPV16	7906	20397	4683	5309	0.672	CESC	TP	90938318	224.29488964157
HNSC-CV-6961-TP	HPV16	7906	26123	6084	6926	0.876	HNSC	TP	102431526	255.028905846819
CESC-EK-A2RJ-TP	HPV59	7896	3670	328	3581	0.454	CESC	TP	85013399	43.1696655253132
LIHC-DD-AACO-TP	NC_003977_3182nt_Hepatitis_B_virus	3182	7971	3830	1934	0.608	LIHC	TP	48649977	163.843859576748
OV-57-1584-TP	NC_006273_235646nt_Human_betaherpesvirus_5	235646	1754	33	610	0.003	OV	TP	83997549	20.8815616750913
STAD-D7-8570-TP	NC_007605_171823nt_Human_gammaherpesvirus_4	171823	2278	0	24282	0.141	STAD	TP	112785454	20.1976400254593
LIHC-DD-AACV-TP	NC_003977_3182nt_Hepatitis_B_virus	3182	75041	3460	2964	0.931	LIHC	TP	47303436	1586.375247667
CESC-C5-A7CM-TP	HPV18	7857	4770	496	3855	0.491	CESC	TP	62269752	76.6022000537275
LIHC-DD-AADM-TP	NC_003977_3182nt_Hepatitis_B_virus	3182	16005	3057	2367	0.744	LIHC	TP	57992857	275.982264505437
CESC-C5-A1M5-TP	HPV33	7909	104173	18	6657	0.842	CESC	TP	90081874	1156.42576441072
STAD-HU-A4H0-TP	NC_009334_172764nt_Human_herpesvirus_4_type_2	172764	27312	94	26370	0.153	STAD	TP	128822334	212.012926267894
STAD-HU-A4H0-TP	NC_007605_171823nt_Human_gammaherpesvirus_4	171823	14620	0	25943	0.151	STAD	TP	128822334	113.489637596537
CESC-VS-A9UO-TP	HPV18	7857	18618	2337	7425	0.945	CESC	TP	96347678	193.237661627922
LIHC-DD-AADV-TP	NC_003977_3182nt_Hepatitis_B_virus	3182	129056	9725	3069	0.964	LIHC	TP	85662339	1506.56638035532
LIHC-UB-A7ME-TP	NC_003977_3182nt_Hepatitis_B_virus	3182	7848	268	2349	0.738	LIHC	TP	67824325	115.710698189772
HNSC-HD-A634-TP	HPV16	7906	76068	5246	7885	0.997	HNSC	TP	54994986	1383.18064123155
CESC-C5-A7XC-TP	HPV16	7906	5292	999	3264	0.413	CESC	TP	52816094	100.196731700758
HNSC-CR-5243-TP	HPV16	7906	34338	11	6515	0.824	HNSC	TP	78364451	438.183379859319
CESC-VS-A9UH-TP	HPV45	7858	2040	351	2158	0.275	CESC	TP	51721711	39.4418506379265
CESC-EA-A5ZE-TP	HPV59	7896	2248	355	1854	0.235	CESC	TP	58832303	38.2103008954112
HNSC-T2-A6X0-TP	HPV16	7906	16793	524	7414	0.938	HNSC	TP	84162419	199.530861868407
CESC-JX-A3Q0-TP	HPV31	7912	27124	2962	6576	0.831	CESC	TP	68916425	393.5781636961
CESC-DS-A3LQ-TP	HPV69	7700	16140	7475	3622	0.47	CESC	TP	89665952	180.001434658275
CESC-HM-A4S6-TP	HPV16	7906	17304	0	6559	0.83	CESC	TP	60811064	284.553481912436
CESC-ZJ-AAXA-TP	HPV16	7906	33576	0	5215	0.66	CESC	TP	127667634	262.995396311645
CESC-DS-A1OB-TP	HPV31	7912	22081	4640	3365	0.425	CESC	TP	88387223	249.821176076547
CESC-IR-A3LI-TP	HPV16	7906	8895	18	7034	0.89	CESC	TP	57815690	153.850970212411
LIHC-DD-A119-TP	NC_003977_3182nt_Hepatitis_B_virus	3182	1440	42	2520	0.792	LIHC	TP	67404562	21.3635391622306
CESC-JW-A5VJ-TP	HPV18	7857	4464	1010	2256	0.287	CESC	TP	72112017	61.9036907537893
CESC-VS-A9U6-TP	HPV33	7909	9596	1905	2865	0.362	CESC	TP	70516626	136.081383133674
CESC-Q1-A5R1-TP	HPV16	7906	53454	0	7540	0.954	CESC	TP	54482329	981.1254581279
CESC-VS-A8EH-TP	HPV16	7906	6280	862	5968	0.755	CESC	TP	67752795	92.6899030512321
CESC-VS-A8QC-TP	HPV16	7906	6564	1047	5893	0.745	CESC	TP	69131045	94.950105267467
LIHC-DD-A1EL-NT	NC_003977_3182nt_Hepatitis_B_virus	3182	42795	3578	2970	0.933	LIHC	NT	94056029	454.994756370163
LIHC-DD-AACS-TP	NC_003977_3182nt_Hepatitis_B_virus	3182	12686	2892	2559	0.804	LIHC	TP	39380038	322.142909054582
HNSC-BB-7861-TP	HPV16	7906	10257	918	7583	0.959	HNSC	TP	80867541	126.837045780828
CESC-EA-A1QT-TP	HPV16	7906	70119	1577	7852	0.993	CESC	TP	110489073	634.623841943176
CESC-EA-A3HU-TP	HPV16	7906	44591	136	7521	0.951	CESC	TP	92225208	483.501213681188
CESC-VS-A9V2-TP	HPV16	7906	7712	720	6681	0.845	CESC	TP	47280034	163.113249876259
LIHC-DD-AACN-TP	NC_003977_3182nt_Hepatitis_B_virus	3182	57001	1158	3054	0.96	LIHC	TP	54422484	1047.37960876611
CESC-DG-A2KM-TP	HPV16	7906	5376	1299	2297	0.291	CESC	TP	100417463	53.536504900547
HNSC-BA-5153-TP	HPV16	7906	28144	0	7309	0.924	HNSC	TP	54107887	520.145981675463
LIHC-CC-A7IL-TP	NC_003977_3182nt_Hepatitis_B_virus	3182	4525	62	2559	0.804	LIHC	TP	82927454	54.5657653977897
LIHC-CC-A9FU-TP	NC_003977_3182nt_Hepatitis_B_virus	3182	30973	810	2921	0.918	LIHC	TP	73839678	419.462825934858
CESC-ZJ-AAX4-TP	HPV16	7906	2626	500	2192	0.277	CESC	TP	41465447	63.3298370086303
CESC-VS-A9UV-TP	HPV52	7942	10994	2231	4458	0.561	CESC	TP	43965828	250.057840375484
STAD-HU-A4G6-TP	NC_007605_171823nt_Human_gammaherpesvirus_4	171823	16088	0	38163	0.222	STAD	TP	149483325	107.624044354111
STAD-HU-A4G6-TP	NC_009334_172764nt_Human_herpesvirus_4_type_2	172764	23211	0	36230	0.21	STAD	TP	149483325	155.27484420085
CESC-HG-A2PA-TP	HPV16	7906	7534	1390	1846	0.233	CESC	TP	93069982	80.9498383700128
CESC-Q1-A6DT-TP	HPV16	7906	74328	5397	7907	1	CESC	TP	54831233	1355.57775985085
LIHC-DD-AAE4-TP	NC_003977_3182nt_Hepatitis_B_virus	3182	9626	760	2080	0.654	LIHC	TP	50715374	189.804377662679
CESC-ZJ-A8QO-TP	HPV33	7909	53453	5	7466	0.944	CESC	TP	70723203	755.80570071183
CESC-Q1-A6DV-TP	HPV16	7906	40930	356	7453	0.943	CESC	TP	64093701	638.596295133589
LIHC-DD-AAE2-TP	NC_003977_3182nt_Hepatitis_B_virus	3182	64184	657	3021	0.949	LIHC	TP	74655206	859.739105133539
CESC-WL-A834-TP	HPV16	7906	26701	420	7907	1	CESC	TP	52733599	506.337524962027
CESC-C5-A8YR-TP	HPV45	7858	30917	6643	3870	0.492	CESC	TP	55083952	561.270549360729
LIHC-DD-A116-NT	NC_003977_3182nt_Hepatitis_B_virus	3182	103870	7742	3066	0.964	LIHC	NT	80360790	1292.54578009997
STAD-BR-6706-TP	NC_007605_171823nt_Human_gammaherpesvirus_4	171823	5589	5	38372	0.223	STAD	TP	129703587	43.0905584746858
STAD-BR-6706-TP	NC_009334_172764nt_Human_herpesvirus_4_type_2	172764	4623	0	35738	0.207	STAD	TP	129703587	35.6428076272093
CESC-VS-A94X-TP	HPV45	7858	12560	1057	6602	0.84	CESC	TP	58227823	215.704440813458
LIHC-DD-A1EI-TP	NC_003977_3182nt_Hepatitis_B_virus	3182	14946	197	2757	0.866	LIHC	TP	89004401	167.924280508331
CESC-C5-A1BE-TP	HPV16	7906	7763	1366	3355	0.424	CESC	TP	86494463	89.7514098677045
CESC-EA-A3HS-TP	HPV16	7906	39317	0	6014	0.761	CESC	TP	89438757	439.596896455079
CESC-VS-A9UU-TP	HPV16	7906	4399	902	3360	0.425	CESC	TP	35191049	125.00337798967
CESC-MA-AA3Y-TP	HPV39	7833	47677	84	6996	0.893	CESC	TP	71877354	663.310449630631
HNSC-BB-4223-TP	HPV16	7906	19193	103	7526	0.952	HNSC	TP	55562796	345.428980931773
CESC-C5-A2M1-TP	HPV16	7906	34539	1889	6738	0.852	CESC	TP	120521085	286.580559741891
CESC-MY-A5BE-TP	HPV16	7906	5102	6	5907	0.747	CESC	TP	64017319	79.6971831950663
CESC-LP-A7HU-TP	HPV16	7906	24595	760	7879	0.997	CESC	TP	62767792	391.84108945556
CESC-EK-A2GZ-TP	HPV52	7942	17991	4936	6393	0.805	CESC	TP	96974011	185.523933830065
CESC-DS-A7WI-TP	HPV16	7906	9439	3171	4243	0.537	CESC	TP	59019104	159.931265645781
HNSC-BB-7864-TP	HPV56	7845	18777	2470	4693	0.598	HNSC	TP	74971288	250.455881190143
CESC-MU-A5YI-TP	HPV16	7906	3744	650	2552	0.323	CESC	TP	60405294	61.9813223655529
LIHC-2Y-A9H4-TP	NC_003977_3182nt_Hepatitis_B_virus	3182	19572	2709	2479	0.779	LIHC	TP	43204035	453.013242860302
CESC-EA-A50E-TP	HPV16	7906	1814	420	2705	0.342	CESC	TP	59691805	30.3894311790371
CESC-EK-A2R9-TP	HPV33	7909	43817	117	7272	0.919	CESC	TP	78599470	557.471952419018
CESC-C5-A8XI-TP	HPV52	7942	24823	0	6680	0.841	CESC	TP	71023980	349.50167534965
HNSC-QK-A6IF-TP	HPV16	7906	9678	1622	3761	0.476	HNSC	TP	41662456	232.295474851507
LIHC-DD-AADF-TP	NC_003977_3182nt_Hepatitis_B_virus	3182	63968	2098	2814	0.884	LIHC	TP	53087855	1204.94602767431
CESC-MU-A51Y-TP	HPV16	7906	8708	1994	3251	0.411	CESC	TP	63782785	136.525866658221
CESC-DS-A0VL-TP	HPV16	7906	28486	8022	3785	0.479	CESC	TP	83794672	339.950014960378
LIHC-G3-A3CK-TP	NC_003977_3182nt_Hepatitis_B_virus	3182	75895	6816	2196	0.69	LIHC	TP	88618420	856.424657537338
CESC-4J-AA1J-TP	HPV18	7857	47783	6360	4535	0.577	CESC	TP	55060541	867.826562038321
STAD-D7-8573-TP	NC_007605_171823nt_Human_gammaherpesvirus_4	171823	10241	0	39036	0.227	STAD	TP	112483482	91.0444788684618
STAD-D7-8573-TP	NC_009334_172764nt_Human_herpesvirus_4_type_2	172764	7395	25	36175	0.209	STAD	TP	112483482	65.7429861568475
CESC-VS-A9U5-TP	HPV16	7906	5808	896	7830	0.99	CESC	TP	34350593	169.080050524892
LIHC-DD-AAEB-TP	NC_003977_3182nt_Hepatitis_B_virus	3182	17266	3305	1743	0.548	LIHC	TP	51175709	337.386630051378
CESC-ZJ-AB0I-TP	HPV16	7906	9230	2544	5679	0.718	CESC	TP	48669933	189.644805962646
BLCA-FD-A5BY-TP	HPV52	7942	15102	0	5053	0.636	BLCA	TP	57527449	262.518158940091
BLCA-ZF-AA5P-TP	NC_006273_235646nt_Human_betaherpesvirus_5	235646	13154	5	104624	0.444	BLCA	TP	54874113	239.712302957863
STAD-D7-5577-TP	NC_009334_172764nt_Human_herpesvirus_4_type_2	172764	4428	0	24755	0.143	STAD	TP	101358187	43.6866535507388
STAD-D7-5577-TP	NC_007605_171823nt_Human_gammaherpesvirus_4	171823	4238	0	20661	0.12	STAD	TP	101358187	41.8121133125635
CESC-ZJ-AAXF-TP	HPV16	7906	3942	796	1974	0.25	CESC	TP	42476322	92.8046453739568
CESC-EK-A3GJ-TP	HPV58	7824	14458	3968	5327	0.681	CESC	TP	83859342	172.407744387024
CESC-EA-A439-TP	HPV18	7857	89323	10358	7854	1	CESC	TP	111996909	797.548796636879
HNSC-CR-6480-TP	HPV16	7906	32273	0	6277	0.794	HNSC	TP	75296443	428.61254415431
CESC-FU-A23K-TP	HPV18	7857	19307	3741	7099	0.904	CESC	TP	85055843	226.992048036018
CESC-MA-AA3W-TP	HPV16	7906	15585	670	6637	0.839	CESC	TP	51497635	302.635256939469
STAD-BR-4253-TP	NC_007605_171823nt_Human_gammaherpesvirus_4	171823	8275	0	21038	0.122	STAD	TP	93229756	88.7592154590644
STAD-BR-4253-TP	NC_009334_172764nt_Human_herpesvirus_4_type_2	172764	15170	0	20458	0.118	STAD	TP	93229756	162.716289850635
CESC-C5-A7CJ-TP	HPV16	7906	19898	0	7688	0.972	CESC	TP	60614666	328.270389215706
HNSC-HL-7533-TP	HPV16	7906	10131	2450	7535	0.953	HNSC	TP	62471138	162.170889219274
CESC-EK-A2RE-TP	HPV16	7906	9347	2276	3534	0.447	CESC	TP	89934758	103.930896217011
CESC-LP-A4AV-TP	HPV56	7845	17264	0	4630	0.59	CESC	TP	45491809	379.49688920922
CESC-VS-A9UD-TP	HPV16	7906	22238	1124	6495	0.822	CESC	TP	30128734	738.09938379754
CESC-LP-A5U2-TP	HPV16	7906	9526	645	6704	0.848	CESC	TP	64425210	147.861372900453
CESC-EK-A2R8-TP	HPV45	7858	46241	7584	6560	0.835	CESC	TP	65520863	705.744672502253
CESC-IR-A3LC-TP	HPV16	7906	21823	5770	2109	0.267	CESC	TP	92072333	237.020169783251
BLCA-XF-A8HB-TP	HPV16	7906	12103	1977	3843	0.486	BLCA	TP	74948135	161.485005597538
CESC-DG-A2KH-TP	HPV18	7857	41575	6770	5989	0.762	CESC	TP	95335197	436.092873443163
CESC-ZJ-AAXI-TP	HPV16	7906	24536	0	7116	0.9	CESC	TP	51198484	479.232939787827
ESCA-LN-A8I0-TP	NC_001806_152222nt_Human_alphaherpesvirus_1	152222	168356	340	140398	0.922	ESCA	TP	126861140	1327.08881537719
CESC-C5-A1M8-TP	HPV16	7906	3732	992	2808	0.355	CESC	TP	97656851	38.2154448129809
HNSC-CR-6482-TP	HPV16	7906	16960	5	7021	0.888	HNSC	TP	76744505	220.993020933551
LIHC-CC-A7II-TP	NC_003977_3182nt_Hepatitis_B_virus	3182	5651	1032	2353	0.739	LIHC	TP	70333139	80.3461935631794
CESC-VS-A9UZ-TP	HPV16	7906	20958	277	7274	0.92	CESC	TP	42663638	491.237995222067
CESC-LP-A4AX-TP	HPV16	7906	23232	42	7662	0.969	CESC	TP	49817727	466.340023903539
ESCA-L5-A4OQ-TP	NC_000898_162114nt_Human_betaherpesvirus_6B	162114	3736	0	98082	0.605	ESCA	TP	159860348	23.3703982678682
CESC-MA-AA43-TP	HPV18	7857	4998	626	1115	0.142	CESC	TP	61285682	81.5524905148318
CESC-C5-A7CL-TP	HPV16	7906	16297	2351	5579	0.706	CESC	TP	65713052	248.002482063989
HNSC-HD-8314-TP	HPV35	7879	5510	776	2201	0.279	HNSC	TP	47983637	114.83081201202
CESC-C5-A1M7-TP	HPV18	7857	13756	1387	5847	0.744	CESC	TP	97564279	140.994225970757
CESC-EA-A3HQ-TP	HPV16	7906	62447	1667	7898	0.999	CESC	TP	109716871	569.164973725873
CESC-ZJ-AAXU-TP	HPV16	7906	3334	432	1617	0.205	CESC	TP	95226567	35.0112379878191
LIHC-DD-AACC-TP	NC_003977_3182nt_Hepatitis_B_virus	3182	1512	0	2622	0.824	LIHC	TP	48930626	30.9008922142136
CESC-FU-A23L-TP	HPV45	7858	39342	5713	4041	0.514	CESC	TP	98988158	397.441479818222
CESC-FU-A3WB-TP	HPV16	7906	20495	5197	5746	0.727	CESC	TP	91373530	224.299094059297
CESC-FU-A3NI-TP	HPV16	7906	32751	144	7784	0.985	CESC	TP	98903694	331.140311098997
CESC-C5-A7CO-TP	HPV31	7912	27229	18	7542	0.953	CESC	TP	67735700	401.988906883667
CESC-EX-A449-TP	HPV16	7906	58671	85	7846	0.992	CESC	TP	64171185	914.288866568383
HNSC-CR-7368-TP	HPV16	7906	31791	6462	2936	0.371	HNSC	TP	91824404	346.215152128839
CESC-EK-A2RK-TP	HPV16	7906	5371	1155	3435	0.434	CESC	TP	88175736	60.9124487489393
CESC-C5-A7CG-TP	HPV52	7942	39508	2677	6255	0.788	CESC	TP	67267380	587.327765701593
CESC-JW-A5VG-TP	HPV59	7896	14975	1924	4947	0.627	CESC	TP	67909218	220.514982222296
LIHC-CC-A7IK-TP	NC_003977_3182nt_Hepatitis_B_virus	3182	20494	1873	2957	0.929	LIHC	TP	65888764	311.039375393352
CESC-C5-A1BL-TP	HPV16	7906	16901	2893	7868	0.995	CESC	TP	65193585	259.243298247826
LIHC-CC-A9FW-TP	NC_003977_3182nt_Hepatitis_B_virus	3182	73794	4032	1962	0.617	LIHC	TP	80090752	921.379786769888
HNSC-DQ-7591-TP	HPV35	7879	29719	5233	3085	0.392	HNSC	TP	65960794	450.555522421395
HNSC-CR-5249-TP	HPV16	7906	30891	5	6975	0.882	HNSC	TP	76614033	403.202896263143
CESC-C5-A2LZ-TP	HPV16	7906	54129	0	7759	0.981	CESC	TP	79066063	684.604720991356
LIHC-5C-AAPD-TP	NC_003977_3182nt_Hepatitis_B_virus	3182	6945	276	2289	0.719	LIHC	TP	51754908	134.190171877032
HNSC-CV-5443-TP	HPV16	7906	18366	36	7108	0.899	HNSC	TP	50370136	364.620814206259
CESC-VS-A9UM-TP	HPV16	7906	3358	701	5957	0.753	CESC	TP	47344495	70.9269367008772
CESC-DG-A2KL-TP	HPV16	7906	35189	5	7335	0.928	CESC	TP	85571979	411.221061043826
CESC-C5-A1MI-TP	HPV18	7857	59243	8133	5243	0.667	CESC	TP	100576269	589.035570607615
CESC-C5-A1M9-TP	HPV16	7906	90136	10560	7907	1	CESC	TP	102601843	878.502738006373
ESCA-L5-A4OS-TP	NC_007605_171823nt_Human_gammaherpesvirus_4	171823	4041	36	65992	0.384	ESCA	TP	108129124	37.3719849982323
ESCA-L5-A4OS-TP	NC_009334_172764nt_Human_herpesvirus_4_type_2	172764	3181	28	53163	0.308	ESCA	TP	108129124	29.4185311258047
LIHC-DD-AAEE-TP	NC_003977_3182nt_Hepatitis_B_virus	3182	8734	1274	1768	0.556	LIHC	TP	72726863	120.093176574934
CESC-EK-A2H1-TP	HPV16	7906	7526	1084	4669	0.591	CESC	TP	70144968	107.292086867871
CESC-EK-A2RM-TP	HPV18	7857	24557	1825	5776	0.735	CESC	TP	66319496	370.2832723578
CESC-EK-A2PI-TP	HPV16	7906	25553	2571	6236	0.789	CESC	TP	86204839	296.421874878741
STAD-VQ-A923-TP	NC_009334_172764nt_Human_herpesvirus_4_type_2	172764	21438	0	19455	0.113	STAD	TP	114187409	187.743991984265
STAD-VQ-A923-TP	NC_007605_171823nt_Human_gammaherpesvirus_4	171823	12719	0	17799	0.104	STAD	TP	114187409	111.38706194831
HNSC-CR-6472-TP	HPV16	7906	13818	954	5910	0.748	HNSC	TP	58735887	235.256513620029
HNSC-CN-A6V6-TP	HPV16	7906	13896	247	6918	0.875	HNSC	TP	50063766	277.566014510375
CESC-C5-A7UE-TP	HPV16	7906	6484	1763	2293	0.29	CESC	TP	54336652	119.330134657542
LIHC-DD-AAVW-TP	NC_003977_3182nt_Hepatitis_B_virus	3182	1216	95	1980	0.622	LIHC	TP	51655902	23.5403884729377
LIHC-DD-AACA-TP	NC_003977_3182nt_Hepatitis_B_virus	3182	115689	7166	2963	0.931	LIHC	TP	73142619	1581.69069663748
CESC-C5-A1MQ-TP	HPV18	7857	9338	401	6520	0.83	CESC	TP	60955089	153.194756224538
LIHC-DD-A116-TP	NC_003977_3182nt_Hepatitis_B_virus	3182	22663	64	2048	0.644	LIHC	TP	62743222	361.202362224879
HNSC-P3-A6T6-TP	HPV16	7906	14736	1827	5118	0.647	HNSC	TP	38727501	380.504799418894
STAD-VQ-A8PF-TP	NC_007605_171823nt_Human_gammaherpesvirus_4	171823	12141	0	24322	0.142	STAD	TP	126701005	95.824022863907
STAD-VQ-A8PF-TP	NC_009334_172764nt_Human_herpesvirus_4_type_2	172764	9605	0	19839	0.115	STAD	TP	126701005	75.8083963106686
LIHC-G3-AAV0-TP	NC_003977_3182nt_Hepatitis_B_virus	3182	45544	5641	2919	0.917	LIHC	TP	56308277	808.833131228647
CESC-EX-A1H6-TP	HPV16	7906	2034	182	6447	0.815	CESC	TP	86827429	23.4257771239547
LIHC-G3-AAV1-TP	NC_003977_3182nt_Hepatitis_B_virus	3182	2660	100	2662	0.837	LIHC	TP	66737261	39.8577939840833
CESC-VS-A952-TP	HPV16	7906	25770	120	7750	0.98	CESC	TP	59178491	435.462269560067
CESC-VS-A8QF-TP	HPV16	7906	31630	4493	5125	0.648	CESC	TP	63872372	495.206284181837
CESC-VS-A8EB-TP	HPV16	7906	42273	5317	6232	0.788	CESC	TP	64932859	651.026316275401
CESC-C5-A1MF-TP	HPV45	7858	5996	383	4393	0.559	CESC	TP	73131367	81.9894423688265
CESC-C5-A1MK-TP	HPV58	7824	63063	134	7105	0.908	CESC	TP	72930970	864.694381550115
CESC-VS-A9UY-TP	HPV16	7906	12249	2095	4581	0.579	CESC	TP	54673113	224.040654132864
CESC-UC-A7PG-TP	HPV16	7906	2826	407	2008	0.254	CESC	TP	67312131	41.9835170572746
CESC-VS-A8EG-TP	HPV16	7906	5913	821	3210	0.406	CESC	TP	85556758	69.1120156750213
CESC-EK-A3GM-TP	HPV45	7858	21914	4114	2345	0.298	CESC	TP	93061436	235.478850766928
HNSC-P3-A6SW-TP	HPV16	7906	2808	635	1394	0.176	HNSC	TP	51470252	54.5557849609907
CESC-EA-A3QE-TP	HPV16	7906	22948	4760	7832	0.991	CESC	TP	105197044	218.143011699074
HNSC-MZ-A6I9-TP	HPV16	7906	29468	4681	7016	0.887	HNSC	TP	64208812	458.94012180135
LIHC-DD-A119-NT	NC_003977_3182nt_Hepatitis_B_virus	3182	21826	1108	2773	0.871	LIHC	NT	69801328	312.687460616795
ESCA-L5-A4ON-TP	NC_001806_152222nt_Human_alphaherpesvirus_1	152222	76490	0	132678	0.872	ESCA	TP	146167476	523.303829916308
CESC-EK-A2IR-TP	HPV16	7906	42036	6577	2317	0.293	CESC	TP	96526891	435.48486400541
LIHC-CC-A7IG-TP	NC_003977_3182nt_Hepatitis_B_virus	3182	7052	1089	2514	0.79	LIHC	TP	64884412	108.685580752431
CESC-EK-A3GK-TP	HPV16	7906	28536	122	7612	0.963	CESC	TP	91689903	311.22292713081
LIHC-G3-A25U-TP	NC_003977_3182nt_Hepatitis_B_virus	3182	69012	2353	2521	0.792	LIHC	TP	69339039	995.283479484046
CESC-VS-A8EI-TP	HPV16	7906	9057	1426	7303	0.924	CESC	TP	61255278	147.856646736629
CESC-EK-A2PL-TP	HPV39	7833	2050	351	2913	0.372	CESC	TP	51146988	40.0805615376608
CESC-Q1-A73P-TP	HPV18	7857	108825	9853	7025	0.894	CESC	TP	61374638	1773.12654780954
HNSC-CN-A6V7-TP	HPV16	7906	11385	813	5856	0.741	HNSC	TP	78706720	144.650926884007
BLCA-DK-A1AF-TP	NC_006273_235646nt_Human_betaherpesvirus_5	235646	3298	0	56379	0.239	BLCA	TP	83812028	39.3499606046998
CESC-HM-A3JK-TP	HPV35	7879	20658	5846	3520	0.447	CESC	TP	57899637	356.789801635544
CESC-VS-A950-TP	HPV35	7879	58774	10772	5678	0.721	CESC	TP	50776467	1157.50471571801
CESC-MA-AA3Z-TP	HPV16	7906	7552	1268	5118	0.647	CESC	TP	48321348	156.287030734325
HNSC-P3-A5QF-TP	HPV16	7906	22625	1276	7752	0.981	HNSC	TP	60170151	376.017005508263
CESC-UC-A7PG-TM	HPV16	7906	4886	767	2139	0.271	CESC	TM	73959392	66.0632796981349
CESC-JX-A3Q8-TP	HPV16	7906	51696	11	7064	0.893	CESC	TP	74534940	693.580755549008
CESC-JX-A3PZ-TP	HPV45	7858	32440	4024	6269	0.798	CESC	TP	69338611	467.849002628564
LIHC-RC-A7SB-TP	NC_003977_3182nt_Hepatitis_B_virus	3182	22054	2639	2136	0.671	LIHC	TP	77724858	283.744487510032
STAD-D7-A4YX-TP	NC_007605_171823nt_Human_gammaherpesvirus_4	171823	20512	0	20657	0.12	STAD	TP	114984226	178.389686251399
STAD-D7-A4YX-TP	NC_009334_172764nt_Human_herpesvirus_4_type_2	172764	14415	0	19848	0.115	STAD	TP	114984226	125.365021807426
CESC-C5-A902-TP	HPV16	7906	38539	281	7571	0.958	CESC	TP	67028824	574.961601593965
CESC-ZJ-A8QQ-TP	HPV68	7822	18480	2998	3146	0.402	CESC	TP	66988308	275.869036728021
CESC-FU-A3HY-TP	HPV16	7906	42291	10701	4774	0.604	CESC	TP	84506769	500.44511818929
LIHC-DD-AAE3-TP	NC_003977_3182nt_Hepatitis_B_virus	3182	50748	77	1979	0.622	LIHC	TP	46069977	1101.54168299237
ESCA-R6-A6Y2-TP	NC_006273_235646nt_Human_betaherpesvirus_5	235646	7523	0	123462	0.524	ESCA	TP	162097591	46.4103134018815
CESC-C5-A2LT-TP	HPV70	7905	11786	1687	3784	0.479	CESC	TP	79479014	148.290717345839
CESC-C5-A1BJ-TP	HPV16	7906	26974	8209	4225	0.534	CESC	TP	134684782	200.2750392394
BLCA-BT-A20V-TP	HPV45	7858	3869	617	2650	0.337	BLCA	TP	40655369	95.1657824087146
LIHC-DD-AADG-TP	NC_003977_3182nt_Hepatitis_B_virus	3182	46059	3552	2571	0.808	LIHC	TP	61389176	750.278843944737
CESC-DS-A1OA-TP	HPV58	7824	51610	42	7050	0.901	CESC	TP	77493290	665.99314598722
CESC-EK-A3GN-TP	HPV16	7906	51142	2455	7885	0.997	CESC	TP	89146829	573.682772272248
LIHC-CC-A5UC-TP	NC_003977_3182nt_Hepatitis_B_virus	3182	1272	110	2135	0.671	LIHC	TP	45600063	27.8946983033773
CESC-IR-A3LB-TP	HPV45	7858	74135	2428	4133	0.526	CESC	TP	107237233	691.317725439633
CESC-DS-A1OD-TP	HPV16	7906	24906	2188	6915	0.875	CESC	TP	112755800	220.884424570621
CESC-VS-A9UL-TP	HPV18	7857	25661	2895	6941	0.883	CESC	TP	48577949	528.243792260558
CESC-EA-A5O9-TP	HPV16	7906	14490	0	4308	0.545	CESC	TP	64223698	225.61765284833
HNSC-P3-A5QE-TP	HPV16	7906	56877	8	7720	0.976	HNSC	TP	66126990	860.117782466736
LIHC-DD-AAVV-TP	NC_003977_3182nt_Hepatitis_B_virus	3182	6085	1720	2524	0.793	LIHC	TP	56308509	108.065372499918
STAD-HU-8608-TP	NC_009334_172764nt_Human_herpesvirus_4_type_2	172764	9634	16	19205	0.111	STAD	TP	95968482	100.387125014648
STAD-HU-8608-TP	NC_007605_171823nt_Human_gammaherpesvirus_4	171823	6026	0	19051	0.111	STAD	TP	95968482	62.7914485507857
CESC-ZX-AA5X-TP	HPV35	7879	25307	8	7408	0.94	CESC	TP	35272783	717.465361324055
STAD-VQ-A8DZ-TP	NC_006273_235646nt_Human_betaherpesvirus_5	235646	4980	10	80801	0.343	STAD	TP	141090329	35.296536873197
CESC-DS-A7WF-TP	HPV16	7906	18781	1016	7886	0.997	CESC	TP	68707967	273.34530215397
LIHC-DD-AACQ-TP	NC_003977_3182nt_Hepatitis_B_virus	3182	20657	4199	2885	0.907	LIHC	TP	69700589	296.367653363733
LIHC-CC-A9FS-TP	NC_003977_3182nt_Hepatitis_B_virus	3182	35287	5964	2352	0.739	LIHC	TP	65665330	537.376420707853
CESC-C5-A2LX-TP	HPV16	7906	41626	1812	7907	1	CESC	TP	88978601	467.820347051759
CESC-VS-A954-TP	HPV35	7879	31512	14	6931	0.88	CESC	TP	57949025	543.788269086495
CESC-Q1-A6DW-TP	HPV16	7906	41080	7904	3500	0.443	CESC	TP	65017111	631.833672215919
CESC-EX-A69M-TP	HPV52	7942	18076	4584	2215	0.279	CESC	TP	63750382	283.543399002692
CESC-DS-A1O9-TP	HPV73	7700	26828	5742	6592	0.856	CESC	TP	113556962	236.251477034054
LIHC-DD-AAVS-TP	NC_003977_3182nt_Hepatitis_B_virus	3182	2890	427	2723	0.856	LIHC	TP	69802791	41.4023559602366
LIHC-DD-AADU-TP	NC_003977_3182nt_Hepatitis_B_virus	3182	88651	17315	1913	0.601	LIHC	TP	56589519	1566.56217558591
CESC-C5-A2M2-TP	HPV16	7906	41163	0	7714	0.976	CESC	TP	66972868	614.622028729604
CESC-FU-A40J-TP	HPV16	7906	43219	5065	7907	1	CESC	TP	89875301	480.877388104659
SARC-MJ-A68H-TP	HPV51	7808	65297	468	5653	0.724	SARC	TP	52895373	1234.45580013208
LIHC-BC-A10W-TP	NC_003977_3182nt_Hepatitis_B_virus	3182	17129	1966	2539	0.798	LIHC	TP	77696523	220.460315836785
CESC-C5-A7UC-TP	HPV45	7858	12912	1667	3432	0.437	CESC	TP	63017690	204.894847780044
CESC-VS-A9V1-TP	HPV45	7858	16446	896	1043	0.133	CESC	TP	37024789	444.188891933996
HNSC-CR-7404-TP	HPV16	7906	41513	602	7514	0.95	HNSC	TP	85478712	485.653082840088
LIHC-DD-AAD0-TP	NC_003977_3182nt_Hepatitis_B_virus	3182	59001	5346	2637	0.829	LIHC	TP	56250613	1048.89523603947
CESC-C5-A3HD-TP	HPV16	7906	80616	8008	7907	1	CESC	TP	76205156	1057.88117538923
CESC-VS-A9UB-TP	HPV45	7858	15281	1352	2386	0.304	CESC	TP	39689217	385.016413904059
CESC-ZJ-AAXB-TP	HPV18	7857	5000	978	2328	0.296	CESC	TP	26555302	188.286316608262
CESC-DR-A0ZL-TP	HPV16	7906	30225	106	7702	0.974	CESC	TP	83024433	364.049459994505
STAD-VQ-A91W-TP	NC_007605_171823nt_Human_gammaherpesvirus_4	171823	8373	0	33552	0.195	STAD	TP	149570493	55.9802928509435
STAD-VQ-A91W-TP	NC_009334_172764nt_Human_herpesvirus_4_type_2	172764	11036	7	32290	0.187	STAD	TP	149570493	73.7846067004673
CESC-MA-AA42-TP	HPV16	7906	21690	322	6163	0.78	CESC	TP	53655081	404.248760709167
CESC-JW-A69B-TP	HPV16	7906	30855	384	6924	0.876	CESC	TP	84848679	363.647382182579
KIRC-AK-3455-TP	NC_003977_3182nt_Hepatitis_B_virus	3182	2860	115	2272	0.714	KIRC	TP	66244518	43.173383796075
HNSC-MZ-A5BI-TP	HPV33	7909	22114	430	4868	0.616	HNSC	TP	60500125	365.519905950608
LIHC-ZS-A9CF-TP	NC_001401_4679nt_Adeno_associated_virus_2	4679	1268	159	1048	0.224	LIHC	TP	54309551	23.3476428483086
LIHC-ED-A7XO-TP	NC_003977_3182nt_Hepatitis_B_virus	3182	12252	707	2471	0.777	LIHC	TP	52548339	233.156751158205
CESC-VS-A9UC-TP	HPV33	7909	25833	30	5021	0.635	CESC	TP	60472834	427.183551543161
CESC-EK-A2PG-TP	HPV58	7824	55318	454	7825	1	CESC	TP	86241571	641.430801393912
LIHC-G3-A3CJ-TP	NC_003977_3182nt_Hepatitis_B_virus	3182	3917	23	1847	0.58	LIHC	TP	67731362	57.8314075538596
CESC-FU-A770-TP	HPV16	7906	53843	2775	3515	0.445	CESC	TP	54173208	993.904588408351
HNSC-DQ-7590-TP	HPV16	7906	20249	0	6164	0.78	HNSC	TP	61444172	329.551189981045
CESC-EK-A2H0-TP	HPV68	7822	29468	5150	2995	0.383	CESC	TP	82631222	356.620648790599
CESC-R2-A69V-TP	HPV39	7833	5674	110	2627	0.335	CESC	TP	45955426	123.46746606157
CESC-MY-A913-TP	HPV45	7858	55996	8369	7246	0.922	CESC	TP	71366678	784.623882871499
CESC-MY-A5BD-TP	HPV16	7906	5348	459	5124	0.648	CESC	TP	55367705	96.5906027710558
CESC-EA-A43B-TP	HPV16	7906	16968	0	6679	0.845	CESC	TP	47365876	358.232580771862
CESC-VS-A9UQ-TP	HPV16	7906	17170	137	7467	0.944	CESC	TP	53701001	319.733332345146
HNSC-CN-4741-TP	HPV16	7906	35896	4296	7907	1	HNSC	TP	87838037	408.661227253974
LIHC-CC-A5UD-TP	NC_003977_3182nt_Hepatitis_B_virus	3182	12036	2748	2026	0.637	LIHC	TP	54835972	219.490957505048
