sample_name	chr	minpos	maxpos	reads	forward	reverse	Chr	Min	Max	Split1	Split2
rep1.HPV16	chr1	45399300	45399843	89	89	0	chr1	45399542	45399842	45399842	-1
rep1.HPV16	chr1	75904281	75904824	211	0	211	chr1	75904281	75904581	-1	75904281
rep1.HPV16	chr1	225550467	225551032	190	190	0	chr1	225550732	225551032	225551031	-1
rep1.HPV16	chr11	5777761	5778326	204	204	0	chr11	5778026	5778326	5778325	-1
rep1.HPV16	chr11	19829334	19829869	227	227	0	chr11	19829569	19829869	19829868	-1
rep1.HPV16	chr11	69416857	69417371	225	0	225	chr11	69416857	69417157	-1	69416857
rep1.HPV16	chr12	21449237	21449780	200	200	0	chr12	21449479	21449779	21449779	-1
rep1.HPV16	chr12	127021791	127022356	204	204	0	chr12	127022056	127022356	127022355	-1
rep1.HPV16	chr12	127726444	127727011	206	206	0	chr12	127726710	127727010	127727010	-1
rep1.HPV16	chr13	43062324	43062766	137	137	0	chr13	43062465	43062765	-1	-1
rep1.HPV16	chr14	25080586	25081122	176	0	176	chr14	25080586	25080886	-1	25080587
rep1.HPV16	chr14	28398570	28399113	196	0	196	chr14	28398570	28398870	-1	28398570
rep1.HPV16	chr14	63426495	63427032	225	0	225	chr14	63426495	63426795	-1	63426497
rep1.HPV16	chr15	76816798	76817255	173	173	0	chr15	76816955	76817255	76817254	-1
rep1.HPV16	chr15	84972868	84973325	195	195	0	chr15	84973026	84973326	84973324	-1
rep1.HPV16	chr15	93803367	93803880	224	224	0	chr15	93803580	93803880	93803879	-1
rep1.HPV16	chr16	48384491	48385004	224	224	0	chr16	48384704	48385004	48385003	-1
rep1.HPV16	chr16	70933188	70933717	46	0	46	chr16	70933188	70933488	-1	-1
rep1.HPV16	chr17	4179422	4179936	224	0	224	chr17	4179422	4179722	-1	4179422
rep1.HPV16	chr17	6633467	6633986	224	0	224	chr17	6633467	6633767	-1	6633473
rep1.HPV16	chr17	13167122	13167688	202	0	202	chr17	13167122	13167422	-1	13167123
rep1.HPV16	chr17	19936866	19937316	211	0	211	chr17	19936866	19937166	-1	19936867
rep1.HPV16	chr17	38613605	38614172	206	0	206	chr17	38613605	38613905	-1	38613605
rep1.HPV16	chr18	9830374	9830911	226	0	226	chr18	9830374	9830674	-1	9830375
rep1.HPV16	chr18	10602026	10602563	126	126	0	chr18	10602238	10602538	-1	-1
rep1.HPV16	chr18	62291580	62292116	225	0	225	chr18	62291580	62291880	-1	62291581
rep1.HPV16	chr19	13868385	13868922	222	222	0	chr19	13868621	13868921	13868921	-1
rep1.HPV16	chr19	30473037	30473602	194	194	0	chr19	30473302	30473602	30473601	-1
rep1.HPV16	chr19	36853820	36854334	224	0	224	chr19	36853820	36854120	-1	36853821
rep1.HPV16	chr19	48025785	48026298	224	224	0	chr19	48025998	48026298	48026297	-1
rep1.HPV16	chr19	48030274	48030787	224	224	0	chr19	48030487	48030787	48030786	-1
rep1.HPV16	chr2	210344928	210345495	182	0	182	chr2	210344928	210345228	-1	-1
rep1.HPV16	chr20	60918074	60918611	226	0	226	chr20	60918074	60918374	-1	60918075
rep1.HPV16	chr3	100385150	100385664	225	0	225	chr3	100385150	100385450	-1	100385150
rep1.HPV16	chr4	4376540	4377046	194	0	194	chr4	4376540	4376840	-1	4376541
rep1.HPV16	chr4	24368507	24369073	205	0	205	chr4	24368507	24368807	-1	24368507
rep1.HPV16	chr4	58456065	58456579	224	0	224	chr4	58456065	58456365	-1	58456066
rep1.HPV16	chr5	61864178	61864714	226	226	0	chr5	61864414	61864714	61864713	-1
rep1.HPV16	chr5	88059394	88059943	212	212	0	chr5	88059643	88059943	-1	-1
rep1.HPV16	chr5	90694617	90695153	225	0	225	chr5	90694617	90694917	-1	90694618
rep1.HPV16	chr5	161762310	161762876	204	0	204	chr5	161762310	161762610	-1	161762311
rep1.HPV16	chr6	103109835	103110378	211	211	0	chr6	103110077	103110377	103110377	-1
rep1.HPV16	chr7	23918102	23918645	211	211	0	chr7	23918344	23918644	23918644	-1
rep1.HPV16	chr8	74170117	74170632	177	0	177	chr8	74170117	74170417	-1	74170117
rep1.HPV16	chr9	41674484	41674833	42	0	42	chr9	41674484	41674784	-1	-1
rep1.HPV16	chr9	94022447	94022553	13	13	0	chr9	94022224	94022524	94022522	-1
rep1.HPV16	chr9	113943096	113943632	222	0	222	chr9	113943096	113943396	-1	-1
rep1.HPV16	chrX	3166141	3166684	211	211	0	chrX	3166383	3166683	3166683	-1
rep1.HPV16	chrX	94818482	94819025	211	0	211	chrX	94818482	94818782	-1	94818482
rep1.HPV18	chr1	75060355	75060898	182	182	0	chr1	75060597	75060897	75060897	-1
rep1.HPV18	chr1	82063881	82064428	196	196	0	chr1	82064127	82064427	82064427	-1
rep1.HPV18	chr1	197320296	197320839	215	215	0	chr1	197320538	197320838	197320838	-1
rep1.HPV18	chr1	218052490	218053027	153	153	0	chr1	218052726	218053026	218053026	-1
rep1.HPV18	chr10	90916816	90917363	196	196	0	chr10	90917062	90917362	90917362	-1
rep1.HPV18	chr11	128011820	128012357	160	160	0	chr11	128012056	128012356	128012356	-1
rep1.HPV18	chr12	9188694	9189239	166	0	166	chr12	9188694	9188994	-1	-1
rep1.HPV18	chr12	113186220	113186757	193	0	193	chr12	113186220	113186520	-1	113186220
rep1.HPV18	chr12	116483378	116483830	168	0	168	chr12	116483378	116483678	-1	116483386
rep1.HPV18	chr13	66431970	66432513	215	215	0	chr13	66432212	66432512	66432512	-1
rep1.HPV18	chr14	67998648	67999193	194	194	0	chr14	67998893	67999193	67999192	-1
rep1.HPV18	chr15	27882236	27882779	215	0	215	chr15	27882236	27882536	-1	27882236
rep1.HPV18	chr15	69576061	69576598	183	183	0	chr15	69576297	69576597	69576597	-1
rep1.HPV18	chr16	65806824	65807361	193	193	0	chr16	65807060	65807360	65807360	-1
rep1.HPV18	chr17	5758374	5758917	215	215	0	chr17	5758618	5758918	5758916	-1
rep1.HPV18	chr17	8297534	8298021	133	133	0	chr17	8297720	8298020	-1	-1
rep1.HPV18	chr17	30772968	30773542	154	154	0	chr17	30773213	30773513	30773512	-1
rep1.HPV18	chr18	50217320	50217865	191	0	191	chr18	50217320	50217620	-1	50217322
rep1.HPV18	chr19	27855770	27856306	78	78	0	chr19	27856005	27856305	-1	-1
rep1.HPV18	chr2	23135889	23136435	194	0	194	chr2	23135889	23136189	-1	23135890
rep1.HPV18	chr2	194990603	194991151	195	195	0	chr2	194990850	194991150	194991150	-1
rep1.HPV18	chr21	10126366	10126821	47	47	0	chr21	10126520	10126820	-1	-1
rep1.HPV18	chr21	18750518	18751085	205	205	0	chr21	18750784	18751084	18751084	-1
rep1.HPV18	chr22	30626470	30627013	178	0	178	chr22	30626470	30626770	-1	30626470
rep1.HPV18	chr22	33197006	33197553	194	194	0	chr22	33197252	33197552	33197552	-1
rep1.HPV18	chr22	42076179	42076725	126	0	126	chr22	42076179	42076479	-1	42076180
rep1.HPV18	chr3	4085987	4086534	194	0	194	chr3	4085987	4086287	-1	4085987
rep1.HPV18	chr3	165348232	165348779	185	185	0	chr3	165348478	165348778	165348778	-1
rep1.HPV18	chr3	182497548	182498095	196	196	0	chr3	182497794	182498094	182498094	-1
rep1.HPV18	chr4	36979659	36980197	194	0	194	chr4	36979659	36979959	-1	36979659
rep1.HPV18	chr4	165078897	165079445	133	0	133	chr4	165078897	165079197	-1	-1
rep1.HPV18	chr4	166852894	166853432	194	0	194	chr4	166852894	166853194	-1	166852894
rep1.HPV18	chr5	174338792	174339336	192	0	192	chr5	174338792	174339092	-1	174338792
rep1.HPV18	chr6	42869631	42870201	114	114	0	chr6	42869877	42870177	-1	-1
rep1.HPV18	chr6	133400514	133401061	194	0	194	chr6	133400514	133400814	-1	133400514
rep1.HPV18	chr7	13077049	13077596	196	196	0	chr7	13077295	13077595	13077595	-1
rep1.HPV18	chr8	13816539	13817084	215	0	215	chr8	13816539	13816839	-1	13816541
rep1.HPV18	chr8	106848154	106848692	194	0	194	chr8	106848154	106848454	-1	106848154
rep1.HPV18	chr9	25615097	25615634	193	0	193	chr9	25615097	25615397	-1	25615097
rep1.HPV18	chr9	26615603	26616150	194	0	194	chr9	26615603	26615903	-1	26615603
rep1.HPV18	chr9	38688635	38689183	145	0	145	chr9	38688635	38688935	-1	38688635
rep1.HPV18	chr9	102619639	102620176	193	193	0	chr9	102619875	102620175	102620175	-1
rep1.HPV18	chr9	129968541	129969088	194	0	194	chr9	129968541	129968841	-1	129968541
rep1.HPV18	chrX	14468503	14468723	93	0	93	chrX	14468503	14468803	-1	14468503
rep1.HPV18	chrX	73171379	73171924	191	0	191	chrX	73171379	73171679	-1	73171380
rep1.HPV18	chrX	105062559	105063102	215	0	215	chrX	105062559	105062859	-1	105062559
rep1.HPV18	chrY	12041944	12042485	113	113	0	chrY	12042184	12042484	-1	-1
rep1.HPV31	chr1	83049710	83050187	128	128	0	chr1	83049886	83050186	83050186	-1
rep1.HPV31	chr1	85556543	85557027	177	0	177	chr1	85556543	85556843	-1	-1
rep1.HPV31	chr1	97270935	97271448	215	215	0	chr1	97271148	97271448	97271447	-1
rep1.HPV31	chr10	120781614	120782103	142	142	0	chr10	120781802	120782102	-1	-1
rep1.HPV31	chr10	126835629	126836154	214	0	214	chr10	126835629	126835929	-1	126835630
rep1.HPV31	chr11	115796274	115796788	215	0	215	chr11	115796274	115796574	-1	115796275
rep1.HPV31	chr12	37359067	37359582	98	98	0	chr12	37359282	37359582	37359581	-1
rep1.HPV31	chr12	101431174	101431687	215	215	0	chr12	101431387	101431687	101431686	-1
rep1.HPV31	chr12	123246667	123247146	57	0	57	chr12	123246667	123246967	-1	-1
rep1.HPV31	chr13	62660649	62661193	171	0	171	chr13	62660649	62660949	-1	62660649
rep1.HPV31	chr14	72033351	72033864	215	215	0	chr14	72033564	72033864	72033863	-1
rep1.HPV31	chr14	82248067	82248609	180	0	180	chr14	82248067	82248367	-1	82248067
rep1.HPV31	chr15	56841236	56841749	118	0	118	chr15	56841236	56841536	-1	56841236
rep1.HPV31	chr15	77939300	77939845	135	0	135	chr15	77939300	77939600	-1	77939303
rep1.HPV31	chr16	4667659	4668184	213	0	213	chr16	4667659	4667959	-1	4667660
rep1.HPV31	chr16	31867975	31868462	214	214	0	chr16	31868161	31868461	31868461	-1
rep1.HPV31	chr16	49226995	49227499	180	180	0	chr16	49227198	49227498	-1	-1
rep1.HPV31	chr17	30360063	30360605	181	181	0	chr17	30360304	30360604	30360604	-1
rep1.HPV31	chr19	30020182	30020724	100	0	100	chr19	30020182	30020482	-1	30020182
rep1.HPV31	chr19	31223334	31223847	215	215	0	chr19	31223549	31223849	31223846	-1
rep1.HPV31	chr19	46874357	46874855	100	100	0	chr19	46874554	46874854	-1	-1
rep1.HPV31	chr20	14166254	14166798	192	192	0	chr20	14166497	14166797	14166797	-1
rep1.HPV31	chr20	50544383	50544897	197	0	197	chr20	50544383	50544683	-1	50544384
rep1.HPV31	chr21	13410248	13410792	71	71	0	chr21	13410493	13410793	13410791	-1
rep1.HPV31	chr21	27214392	27214935	183	183	0	chr21	27214634	27214934	27214934	-1
rep1.HPV31	chr22	19740269	19740794	114	0	114	chr22	19740269	19740569	-1	19740270
rep1.HPV31	chr22	20369349	20369784	113	0	113	chr22	20369349	20369649	-1	-1
rep1.HPV31	chr22	34410949	34411473	214	214	0	chr22	34411173	34411473	34411472	-1
rep1.HPV31	chr3	126574733	126575247	201	0	201	chr3	126574733	126575033	-1	-1
rep1.HPV31	chr3	192755465	192755994	152	152	0	chr3	192755677	192755977	-1	-1
rep1.HPV31	chr4	13223976	13224520	192	0	192	chr4	13223976	13224276	-1	13223976
rep1.HPV31	chr4	27398519	27399061	182	182	0	chr4	27398760	27399060	27399060	-1
rep1.HPV31	chr4	87435988	87436530	158	158	0	chr4	87436229	87436529	87436529	-1
rep1.HPV31	chr4	98547886	98548422	146	0	146	chr4	98547886	98548186	-1	-1
rep1.HPV31	chr4	185343910	185344329	85	85	0	chr4	185344002	185344302	-1	-1
rep1.HPV31	chr5	8905679	8906203	213	213	0	chr5	8905903	8906203	8906202	-1
rep1.HPV31	chr7	108195375	108195919	151	0	151	chr7	108195375	108195675	-1	108195375
rep1.HPV31	chr7	152703892	152704407	139	139	0	chr7	152704107	152704407	152704406	-1
rep1.HPV31	chr8	38923528	38924057	208	0	208	chr8	38923528	38923828	-1	-1
rep1.HPV31	chr8	48607785	48608297	150	150	0	chr8	48607996	48608296	48608296	-1
rep1.HPV31	chr8	73153038	73153564	213	213	0	chr8	73153264	73153564	73153563	-1
rep1.HPV31	chr8	78116644	78117171	179	0	179	chr8	78116644	78116944	-1	78116645
rep1.HPV31	chr8	121636407	121636932	215	0	215	chr8	121636407	121636707	-1	-1
rep1.HPV31	chr9	2725572	2726117	183	0	183	chr9	2725572	2725872	-1	2725573
rep1.HPV31	chr9	113274447	113274991	192	0	192	chr9	113274447	113274747	-1	113274447
rep1.HPV31	chrX	34002029	34002606	179	179	0	chrX	34002270	34002570	34002570	-1
rep1.HPV31	chrX	48305396	48305860	151	0	151	chrX	48305396	48305696	-1	-1
rep1.HPV31	chrX	118359437	118359981	183	183	0	chrX	118359681	118359981	118359980	-1
rep1.HPV31	chrX	120263995	120264520	213	0	213	chrX	120263995	120264295	-1	120263996
rep1.HPV33	chr1	53441953	53442503	198	0	198	chr1	53441953	53442253	-1	53441956
rep1.HPV33	chr1	69627811	69628310	218	0	218	chr1	69627811	69628111	-1	69627812
rep1.HPV33	chr1	215835077	215835627	199	0	199	chr1	215835077	215835377	-1	215835078
rep1.HPV33	chr10	3319303	3319850	74	0	74	chr10	3319303	3319603	-1	3319303
rep1.HPV33	chr10	17994367	17994914	197	197	0	chr10	17994613	17994913	17994913	-1
rep1.HPV33	chr10	99706663	99707210	198	198	0	chr10	99706909	99707209	99707209	-1
rep1.HPV33	chr13	20430272	20430819	196	0	196	chr13	20430272	20430572	-1	20430272
rep1.HPV33	chr13	109271490	109272060	201	201	0	chr13	109271759	109272059	109272059	-1
rep1.HPV33	chr14	99848804	99849374	201	0	201	chr14	99848804	99849104	-1	99848804
rep1.HPV33	chr16	4781550	4782055	111	0	111	chr16	4781550	4781850	-1	4781550
rep1.HPV33	chr16	7376472	7377019	197	197	0	chr16	7376718	7377018	7377018	-1
rep1.HPV33	chr17	41041186	41041755	192	192	0	chr17	41041454	41041754	41041754	-1
rep1.HPV33	chr17	46337411	46337534	6	0	6	chr17	46337411	46337711	-1	-1
rep1.HPV33	chr17	75455653	75456154	189	0	189	chr17	75455653	75455953	-1	75455653
rep1.HPV33	chr18	36997743	36998296	197	0	197	chr18	36997743	36998043	-1	36997749
rep1.HPV33	chr18	56397077	56397586	186	186	0	chr18	56397285	56397585	56397585	-1
rep1.HPV33	chr18	68151177	68151676	106	0	106	chr18	68151177	68151477	-1	68151178
rep1.HPV33	chr19	7039919	7040049	31	0	31	chr19	7039919	7040219	-1	-1
rep1.HPV33	chr19	19243294	19243772	120	0	120	chr19	19243294	19243594	-1	-1
rep1.HPV33	chr19	53670467	53670954	183	183	0	chr19	53670653	53670953	-1	-1
rep1.HPV33	chr2	115821830	115822373	183	183	0	chr2	115822074	115822374	115822372	-1
rep1.HPV33	chr2	121602837	121603406	200	200	0	chr2	121603105	121603405	121603405	-1
rep1.HPV33	chr2	176607838	176608264	123	0	123	chr2	176607838	176608138	-1	-1
rep1.HPV33	chr2	180364720	180365290	203	203	0	chr2	180364991	180365291	180365289	-1
rep1.HPV33	chr20	23139836	23140335	116	116	0	chr20	23140035	23140335	23140334	-1
rep1.HPV33	chr20	29553965	29554293	109	0	109	chr20	29553965	29554265	-1	29553966
rep1.HPV33	chr20	48686982	48687529	198	0	198	chr20	48686982	48687282	-1	48686982
rep1.HPV33	chr20	52301356	52301863	208	0	208	chr20	52301356	52301656	-1	52301356
rep1.HPV33	chr21	29599063	29599633	202	0	202	chr21	29599063	29599363	-1	29599063
rep1.HPV33	chr3	171799343	171799849	202	202	0	chr3	171799548	171799848	171799848	-1
rep1.HPV33	chr3	182688930	182689478	201	201	0	chr3	182689177	182689477	182689477	-1
rep1.HPV33	chr4	19978539	19979108	200	0	200	chr4	19978539	19978839	-1	19978539
rep1.HPV33	chr4	102138072	102138620	199	199	0	chr4	102138321	102138621	102138619	-1
rep1.HPV33	chr4	158791221	158791791	80	0	80	chr4	158791221	158791521	-1	158791221
rep1.HPV33	chr5	53204855	53205402	187	187	0	chr5	53205101	53205401	53205401	-1
rep1.HPV33	chr5	99404101	99404592	115	115	0	chr5	99404291	99404591	-1	-1
rep1.HPV33	chr5	159322577	159323076	146	146	0	chr5	159322776	159323076	159323075	-1
rep1.HPV33	chr6	19931262	19931802	208	208	0	chr6	19931468	19931768	19931768	-1
rep1.HPV33	chr6	21642305	21642878	136	136	0	chr6	21642554	21642854	-1	-1
rep1.HPV33	chr6	84791560	84792058	218	218	0	chr6	84791758	84792058	84792057	-1
rep1.HPV33	chr6	146375248	146375817	188	188	0	chr6	146375516	146375816	146375816	-1
rep1.HPV33	chr7	35852319	35852714	110	0	110	chr7	35852319	35852619	-1	-1
rep1.HPV33	chr7	38027654	38028197	183	0	183	chr7	38027654	38027954	-1	38027654
rep1.HPV33	chr7	112772239	112772740	172	172	0	chr7	112772439	112772739	112772739	-1
rep1.HPV33	chr8	3014519	3015089	203	0	203	chr8	3014519	3014819	-1	3014519
rep1.HPV33	chr8	85379574	85380072	218	218	0	chr8	85379772	85380072	85380071	-1
rep1.HPV33	chr8	139953953	139954500	188	188	0	chr8	139954199	139954499	139954499	-1
rep1.HPV33	chr9	1347598	1348096	217	217	0	chr9	1347796	1348096	1348095	-1
rep1.HPV33	chrX	21602561	21603111	200	0	200	chrX	21602561	21602861	-1	21602562
rep1.HPV35	chr1	63672934	63673421	170	0	170	chr1	63672934	63673234	-1	63672934
rep1.HPV35	chr1	232493853	232494409	209	209	0	chr1	232494109	232494409	232494408	-1
rep1.HPV35	chr10	1219604	1220156	199	199	0	chr10	1219831	1220131	-1	-1
rep1.HPV35	chr10	71491807	71492346	192	192	0	chr10	71492046	71492346	71492345	-1
rep1.HPV35	chr10	74584763	74585303	190	190	0	chr10	74585003	74585303	74585302	-1
rep1.HPV35	chr10	75585405	75585945	194	0	194	chr10	75585405	75585705	-1	-1
rep1.HPV35	chr11	119196570	119197087	205	205	0	chr11	119196753	119197053	119197053	-1
rep1.HPV35	chr12	28928036	28928561	208	208	0	chr12	28928260	28928560	28928560	-1
rep1.HPV35	chr13	29911445	29912001	209	209	0	chr13	29911702	29912002	29912000	-1
rep1.HPV35	chr14	35546875	35547415	192	0	192	chr14	35546875	35547175	-1	35546876
rep1.HPV35	chr15	85991888	85992404	169	0	169	chr15	85991888	85992188	-1	-1
rep1.HPV35	chr16	6337588	6338144	209	209	0	chr16	6337844	6338144	6338143	-1
rep1.HPV35	chr16	20601772	20602338	160	160	0	chr16	20602026	20602326	-1	-1
rep1.HPV35	chr17	30316437	30316976	192	192	0	chr17	30316677	30316977	30316975	-1
rep1.HPV35	chr17	30558811	30559366	207	207	0	chr17	30559065	30559365	30559365	-1
rep1.HPV35	chr17	75265125	75265634	136	136	0	chr17	75265334	75265634	75265633	-1
rep1.HPV35	chr17	76346391	76346946	161	161	0	chr17	76346645	76346945	76346945	-1
rep1.HPV35	chr18	58995619	58996159	210	210	0	chr18	58995825	58996125	58996125	-1
rep1.HPV35	chr18	79561801	79562155	110	110	0	chr18	79561858	79562158	79562154	-1
rep1.HPV35	chr19	53833678	53834191	102	0	102	chr19	53833678	53833978	-1	53833678
rep1.HPV35	chr2	14004261	14004773	196	0	196	chr2	14004261	14004561	-1	14004261
rep1.HPV35	chr2	203344061	203344616	194	194	0	chr2	203344317	203344617	203344615	-1
rep1.HPV35	chr20	57464068	57464609	125	0	125	chr20	57464068	57464368	-1	57464069
rep1.HPV35	chr22	36284676	36285185	210	0	210	chr22	36284676	36284976	-1	36284676
rep1.HPV35	chr22	50140176	50140701	208	208	0	chr22	50140400	50140700	50140700	-1
rep1.HPV35	chr3	13464114	13464657	179	179	0	chr3	13464356	13464656	-1	-1
rep1.HPV35	chr3	75659605	75660160	143	143	0	chr3	75659861	75660161	75660159	-1
rep1.HPV35	chr3	110301579	110302118	192	192	0	chr3	110301819	110302119	110302117	-1
rep1.HPV35	chr3	161496351	161496877	208	208	0	chr3	161496577	161496877	161496876	-1
rep1.HPV35	chr3	164643470	164643977	210	0	210	chr3	164643470	164643770	-1	164643470
rep1.HPV35	chr3	184105065	184105572	210	0	210	chr3	184105065	184105365	-1	184105065
rep1.HPV35	chr4	2405223	2405764	193	0	193	chr4	2405223	2405523	-1	2405224
rep1.HPV35	chr4	68080724	68081264	208	208	0	chr4	68080932	68081232	68081230	-1
rep1.HPV35	chr4	100944609	100945134	108	108	0	chr4	100944833	100945133	100945133	-1
rep1.HPV35	chr4	109657351	109657890	192	192	0	chr4	109657591	109657891	109657889	-1
rep1.HPV35	chr4	144766654	144767195	94	0	94	chr4	144766654	144766954	-1	144766655
rep1.HPV35	chr5	66048037	66048551	162	0	162	chr5	66048037	66048337	-1	66048037
rep1.HPV35	chr5	118608141	118608696	207	0	207	chr5	118608141	118608441	-1	118608141
rep1.HPV35	chr5	169598591	169599116	208	0	208	chr5	169598591	169598891	-1	169598591
rep1.HPV35	chr6	149791989	149792529	50	50	0	chr6	149792195	149792495	149792495	-1
rep1.HPV35	chr6	151780694	151781153	159	159	0	chr6	151780852	151781152	-1	-1
rep1.HPV35	chr7	111538192	111538737	177	177	0	chr7	111538416	111538716	-1	-1
rep1.HPV35	chr7	137683995	137684551	209	209	0	chr7	137684251	137684551	137684550	-1
rep1.HPV35	chr9	11387807	11388364	207	0	207	chr9	11387807	11388107	-1	11387809
rep1.HPV35	chr9	23865259	23865712	146	0	146	chr9	23865259	23865559	-1	-1
rep1.HPV35	chr9	92365657	92366220	98	98	0	chr9	92365897	92366197	-1	-1
rep1.HPV35	chr9	105481815	105482322	188	0	188	chr9	105481815	105482115	-1	-1
rep1.HPV35	chrX	33618071	33618611	210	210	0	chrX	33618277	33618577	33618577	-1
rep1.HPV35	chrX	110217365	110217922	207	0	207	chrX	110217365	110217665	-1	110217367
rep1.HPV35	chrY	13083065	13083604	192	192	0	chrY	13083304	13083604	13083603	-1
rep1.HPV39	chr1	83768193	83768695	185	0	185	chr1	83768193	83768493	-1	83768193
rep1.HPV39	chr10	926822	927322	206	206	0	chr10	927021	927321	927321	-1
rep1.HPV39	chr10	17774253	17774789	197	0	197	chr10	17774253	17774553	-1	-1
rep1.HPV39	chr10	33621058	33621594	204	0	204	chr10	33621058	33621358	-1	33621058
rep1.HPV39	chr10	36075521	36076044	217	0	217	chr10	36075521	36075821	-1	36075521
rep1.HPV39	chr10	72596142	72596619	134	0	134	chr10	72596142	72596442	-1	-1
rep1.HPV39	chr10	104609164	104609733	200	0	200	chr10	104609164	104609464	-1	104609164
rep1.HPV39	chr11	34573960	34574563	160	160	0	chr11	34574228	34574528	34574528	-1
rep1.HPV39	chr11	93979563	93980101	205	205	0	chr11	93979805	93980105	93980100	-1
rep1.HPV39	chr11	109215099	109215621	215	0	215	chr11	109215099	109215399	-1	109215099
rep1.HPV39	chr12	16971154	16971655	184	184	0	chr12	16971354	16971654	16971654	-1
rep1.HPV39	chr12	96173814	96174336	195	195	0	chr12	96174035	96174335	96174335	-1
rep1.HPV39	chr12	105290199	105290731	181	181	0	chr12	105290431	105290731	105290730	-1
rep1.HPV39	chr13	102723476	102724012	204	204	0	chr13	102723711	102724011	102724011	-1
rep1.HPV39	chr13	103616030	103616562	182	182	0	chr13	103616262	103616562	103616561	-1
rep1.HPV39	chr14	65999701	66000270	199	0	199	chr14	65999701	66000001	-1	65999701
rep1.HPV39	chr14	76151019	76151589	215	0	215	chr14	76151019	76151319	-1	76151019
rep1.HPV39	chr14	90309271	90309794	196	196	0	chr14	90309493	90309793	90309793	-1
rep1.HPV39	chr15	96042552	96043121	215	0	215	chr15	96042552	96042852	-1	96042552
rep1.HPV39	chr15	97412186	97412718	177	177	0	chr15	97412418	97412718	97412717	-1
rep1.HPV39	chr16	27620880	27621416	204	0	204	chr16	27620880	27621180	-1	27620880
rep1.HPV39	chr17	2349412	2349900	151	151	0	chr17	2349599	2349899	-1	-1
rep1.HPV39	chr17	78122256	78122859	215	215	0	chr17	78122527	78122827	78122827	-1
rep1.HPV39	chr18	14182853	14183375	140	140	0	chr18	14183074	14183374	14183374	-1
rep1.HPV39	chr18	38399301	38399834	172	0	172	chr18	38399301	38399601	-1	38399302
rep1.HPV39	chr18	41556098	41556620	157	0	157	chr18	41556098	41556398	-1	41556098
rep1.HPV39	chr19	8624243	8624766	194	194	0	chr19	8624441	8624741	-1	-1
rep1.HPV39	chr19	20933358	20933894	205	205	0	chr19	20933593	20933893	20933893	-1
rep1.HPV39	chr2	92216987	92217084	16	0	16	chr2	92216987	92217287	-1	-1
rep1.HPV39	chr2	130742137	130742740	215	215	0	chr2	130742405	130742705	130742705	-1
rep1.HPV39	chr20	44855211	44855699	165	165	0	chr20	44855398	44855698	-1	-1
rep1.HPV39	chr22	20881954	20882490	204	204	0	chr22	20882189	20882489	20882489	-1
rep1.HPV39	chr3	10547421	10547957	204	0	204	chr3	10547421	10547721	-1	10547421
rep1.HPV39	chr3	52710723	52711255	182	182	0	chr3	52710955	52711255	52711254	-1
rep1.HPV39	chr3	57491304	57491872	200	200	0	chr3	57491539	57491839	57491839	-1
rep1.HPV39	chr3	100165707	100166310	215	215	0	chr3	100165975	100166275	100166275	-1
rep1.HPV39	chr3	109769376	109769914	204	0	204	chr3	109769376	109769676	-1	109769378
rep1.HPV39	chr4	146311154	146311690	204	204	0	chr4	146311389	146311689	146311689	-1
rep1.HPV39	chr5	111900317	111900853	204	0	204	chr5	111900317	111900617	-1	111900317
rep1.HPV39	chr5	137151062	137151584	210	210	0	chr5	137151283	137151583	137151583	-1
rep1.HPV39	chr6	15070169	15070738	179	0	179	chr6	15070169	15070469	-1	-1
rep1.HPV39	chr6	69254321	69254764	190	0	190	chr6	69254321	69254621	-1	69254322
rep1.HPV39	chr6	87592579	87593085	89	89	0	chr6	87592784	87593084	-1	-1
rep1.HPV39	chr6	146521182	146521424	24	0	24	chr6	146521182	146521482	-1	-1
rep1.HPV39	chr7	157657833	157658333	183	183	0	chr7	157658032	157658332	157658332	-1
rep1.HPV39	chrX	6105137	6105706	196	0	196	chrX	6105137	6105437	-1	6105137
rep1.HPV39	chrX	15151826	15152358	182	182	0	chrX	15152058	15152358	15152357	-1
rep1.HPV39	chrX	32398905	32399427	211	211	0	chrX	32399133	32399433	32399426	-1
rep1.HPV39	chrX	116951156	116951689	182	0	182	chrX	116951156	116951456	-1	116951157
rep1.HPV45	chr1	33570665	33571188	196	196	0	chr1	33570888	33571188	33571187	-1
rep1.HPV45	chr1	58515126	58515653	187	187	0	chr1	58515352	58515652	58515652	-1
rep1.HPV45	chr1	124935725	124935848	23	0	23	chr1	124935725	124936025	-1	-1
rep1.HPV45	chr10	37406326	37406853	178	0	178	chr10	37406326	37406626	-1	37406326
rep1.HPV45	chr10	86937267	86937794	199	199	0	chr10	86937493	86937793	86937793	-1
rep1.HPV45	chr10	98246748	98247275	201	201	0	chr10	98246974	98247274	98247274	-1
rep1.HPV45	chr12	3787447	3787828	48	48	0	chr12	3787527	3787827	-1	-1
rep1.HPV45	chr12	112022688	112023233	190	0	190	chr12	112022688	112022988	-1	112022691
rep1.HPV45	chr12	115747364	115747818	186	0	186	chr12	115747364	115747664	-1	115747365
rep1.HPV45	chr13	21484588	21485068	149	149	0	chr13	21484767	21485067	-1	-1
rep1.HPV45	chr13	37736716	37737243	134	0	134	chr13	37736716	37737016	-1	37736716
rep1.HPV45	chr13	60213506	60214048	194	0	194	chr13	60213506	60213806	-1	60213506
rep1.HPV45	chr14	49328077	49328619	195	195	0	chr14	49328318	49328618	49328618	-1
rep1.HPV45	chr14	59724980	59725553	223	0	223	chr14	59724980	59725280	-1	59724981
rep1.HPV45	chr14	77686486	77687013	121	0	121	chr14	77686486	77686786	-1	77686486
rep1.HPV45	chr16	1856935	1857508	223	223	0	chr16	1857208	1857508	1857507	-1
rep1.HPV45	chr16	30651528	30652071	196	196	0	chr16	30651770	30652070	30652070	-1
rep1.HPV45	chr16	58700230	58700753	186	186	0	chr16	58700453	58700753	58700752	-1
rep1.HPV45	chr16	64089055	64089582	199	0	199	chr16	64089055	64089355	-1	64089055
rep1.HPV45	chr17	47949113	47949636	217	0	217	chr17	47949113	47949413	-1	47949113
rep1.HPV45	chr17	73518699	73519241	195	0	195	chr17	73518699	73518999	-1	73518699
rep1.HPV45	chr18	36583424	36583976	180	180	0	chr18	36583650	36583950	-1	-1
rep1.HPV45	chr18	58693878	58694423	194	0	194	chr18	58693878	58694178	-1	58693881
rep1.HPV45	chr19	15952395	15952937	194	0	194	chr19	15952395	15952695	-1	15952395
rep1.HPV45	chr19	35323934	35324511	191	191	0	chr19	35324175	35324475	35324475	-1
rep1.HPV45	chr19	50298517	50299056	104	104	0	chr19	50298739	50299039	-1	-1
rep1.HPV45	chr2	25098828	25099355	157	157	0	chr2	25099054	25099354	25099354	-1
rep1.HPV45	chr2	55672007	55672580	218	0	218	chr2	55672007	55672307	-1	55672008
rep1.HPV45	chr2	177230333	177230875	194	0	194	chr2	177230333	177230633	-1	177230333
rep1.HPV45	chr2	193991395	193991919	196	0	196	chr2	193991395	193991695	-1	193991396
rep1.HPV45	chr20	11208973	11209518	171	0	171	chr20	11208973	11209273	-1	11208974
rep1.HPV45	chr21	46273944	46274518	223	0	223	chr21	46273944	46274244	-1	46273946
rep1.HPV45	chr22	28550584	28551056	155	155	0	chr22	28550755	28551055	-1	-1
rep1.HPV45	chr22	39409420	39409947	199	0	199	chr22	39409420	39409720	-1	39409420
rep1.HPV45	chr22	39969890	39970324	169	169	0	chr22	39970023	39970323	-1	-1
rep1.HPV45	chr22	43246746	43247273	199	199	0	chr22	43246972	43247272	43247272	-1
rep1.HPV45	chr3	53872278	53872802	193	0	193	chr3	53872278	53872578	-1	-1
rep1.HPV45	chr3	195027075	195027647	223	223	0	chr3	195027348	195027648	195027646	-1
rep1.HPV45	chr4	89692911	89693434	196	196	0	chr4	89693134	89693434	89693433	-1
rep1.HPV45	chr5	144992019	144992593	149	0	149	chr5	144992019	144992319	-1	144992020
rep1.HPV45	chr5	176515723	176516201	114	0	114	chr5	176515723	176516023	-1	176515724
rep1.HPV45	chr6	151677671	151678199	151	151	0	chr6	151677898	151678198	151678198	-1
rep1.HPV45	chr7	77156032	77156577	170	170	0	chr7	77156255	77156555	-1	-1
rep1.HPV45	chr8	106623103	106623645	194	194	0	chr8	106623344	106623644	106623644	-1
rep1.HPV45	chr9	1750524	1750936	98	0	98	chr9	1750524	1750824	-1	-1
rep1.HPV45	chr9	43244760	43245143	30	30	0	chr9	43244842	43245142	-1	-1
rep1.HPV45	chr9	75619938	75620461	141	0	141	chr9	75619938	75620238	-1	75619938
rep1.HPV45	chr9	114206592	114207115	196	196	0	chr9	114206815	114207115	114207114	-1
rep1.HPV45	chrX	3877973	3878311	34	0	34	chrX	3877973	3878273	-1	-1
rep1.HPV45	chrY	22251194	22251736	194	194	0	chrY	22251435	22251735	22251735	-1
rep2.HPV16	chr1	145870613	145871143	117	117	0	chr1	145870842	145871142	145871142	-1
rep2.HPV16	chr1	157077010	157077604	207	0	207	chr1	157077010	157077310	-1	157077011
rep2.HPV16	chr1	240378408	240378935	231	231	0	chr1	240378635	240378935	240378934	-1
rep2.HPV16	chr1	247077966	247078488	217	0	217	chr1	247077966	247078266	-1	247077966
rep2.HPV16	chr10	103164993	103165583	126	126	0	chr10	103165251	103165551	103165550	-1
rep2.HPV16	chr10	131630298	131630828	210	0	210	chr10	131630298	131630598	-1	131630298
rep2.HPV16	chr11	49612258	49612767	213	0	213	chr11	49612258	49612558	-1	-1
rep2.HPV16	chr11	54784508	54785030	209	0	209	chr11	54784508	54784808	-1	54784508
rep2.HPV16	chr11	74795790	74796320	209	209	0	chr11	74796019	74796319	74796319	-1
rep2.HPV16	chr12	14010560	14011097	222	0	222	chr12	14010560	14010860	-1	14010560
rep2.HPV16	chr12	66996149	66996679	209	0	209	chr12	66996149	66996449	-1	66996149
rep2.HPV16	chr13	37604845	37605367	234	234	0	chr13	37605066	37605366	37605366	-1
rep2.HPV16	chr13	39192766	39193297	210	210	0	chr13	39192997	39193297	39193296	-1
rep2.HPV16	chr13	99349849	99350408	165	0	165	chr13	99349849	99350149	-1	99349850
rep2.HPV16	chr13	107902468	107902940	212	0	212	chr13	107902468	107902768	-1	107902469
rep2.HPV16	chr14	41539664	41540223	121	121	0	chr14	41539922	41540222	-1	-1
rep2.HPV16	chr14	85064348	85064890	222	0	222	chr14	85064348	85064648	-1	85064353
rep2.HPV16	chr15	79955524	79956031	214	0	214	chr15	79955524	79955824	-1	79955525
rep2.HPV16	chr16	16582717	16583249	156	0	156	chr16	16582717	16583017	-1	16582719
rep2.HPV16	chr16	50743980	50744502	186	186	0	chr16	50744201	50744501	50744501	-1
rep2.HPV16	chr18	46372622	46373181	232	0	232	chr18	46372622	46372922	-1	46372623
rep2.HPV16	chr19	384139	384661	234	234	0	chr19	384360	384660	384660	-1
rep2.HPV16	chr19	53452747	53453210	119	0	119	chr19	53452747	53453047	-1	-1
rep2.HPV16	chr2	75025651	75026188	222	222	0	chr2	75025893	75026193	75026187	-1
rep2.HPV16	chr2	235603465	235603987	234	0	234	chr2	235603465	235603765	-1	235603465
rep2.HPV16	chr20	17154371	17154471	21	21	0	chr20	17154170	17154470	-1	-1
rep2.HPV16	chr20	38051617	38052154	122	122	0	chr20	38051853	38052153	38052153	-1
rep2.HPV16	chr20	56134421	56134951	209	209	0	chr20	56134650	56134950	56134950	-1
rep2.HPV16	chr20	59987716	59988253	175	175	0	chr20	59987952	59988252	59988252	-1
rep2.HPV16	chr22	34770903	34771427	233	0	233	chr22	34770903	34771203	-1	34770903
rep2.HPV16	chr22	48533153	48533642	196	196	0	chr22	48533342	48533642	48533641	-1
rep2.HPV16	chr3	44281876	44282434	232	232	0	chr3	44282134	44282434	44282433	-1
rep2.HPV16	chr4	77690763	77691322	232	0	232	chr4	77690763	77691063	-1	77690764
rep2.HPV16	chr4	88663207	88663744	222	0	222	chr4	88663207	88663507	-1	88663207
rep2.HPV16	chr4	131982511	131983048	222	222	0	chr4	131982747	131983047	131983047	-1
rep2.HPV16	chr5	127941527	127942086	232	0	232	chr5	127941527	127941827	-1	127941528
rep2.HPV16	chr6	47081308	47081830	234	0	234	chr6	47081308	47081608	-1	47081308
rep2.HPV16	chr6	159256430	159256960	210	0	210	chr6	159256430	159256730	-1	159256430
rep2.HPV16	chr7	128291571	128292059	98	98	0	chr7	128291758	128292058	-1	-1
rep2.HPV16	chr7	144571497	144572029	150	0	150	chr7	144571497	144571797	-1	144571499
rep2.HPV16	chr7	150194753	150195219	98	0	98	chr7	150194753	150195053	-1	-1
rep2.HPV16	chr8	144127808	144128339	83	83	0	chr8	144128038	144128338	144128338	-1
rep2.HPV16	chr9	118509770	118510322	60	60	0	chr9	118509996	118510296	-1	-1
rep2.HPV16	chrX	8339653	8340175	234	234	0	chrX	8339874	8340174	8340174	-1
rep2.HPV16	chrX	8458225	8458784	222	0	222	chrX	8458225	8458525	-1	8458225
rep2.HPV16	chrX	12121149	12121688	224	0	224	chrX	12121149	12121449	-1	12121150
rep2.HPV16	chrX	85511301	85511859	232	232	0	chrX	85511559	85511859	85511858	-1
rep2.HPV16	chrX	97706672	97707232	214	0	214	chrX	97706672	97706972	-1	97706672
rep2.HPV18	chr1	94461558	94462071	171	0	171	chr1	94461558	94461858	-1	94461559
rep2.HPV18	chr1	153100287	153100810	210	210	0	chr1	153100509	153100809	153100809	-1
rep2.HPV18	chr1	225113633	225114197	216	0	216	chr1	225113633	225113933	-1	225113634
rep2.HPV18	chr10	13068492	13069019	193	193	0	chr10	13068718	13069018	-1	-1
rep2.HPV18	chr10	94017799	94018330	211	211	0	chr10	94018029	94018329	94018329	-1
rep2.HPV18	chr10	116697642	116698161	215	0	215	chr10	116697642	116697942	-1	116697648
rep2.HPV18	chr10	133010685	133011216	153	0	153	chr10	133010685	133010985	-1	133010686
rep2.HPV18	chr11	24519810	24520323	172	0	172	chr11	24519810	24520110	-1	24519811
rep2.HPV18	chr12	72084310	72084841	211	211	0	chr12	72084540	72084840	72084840	-1
rep2.HPV18	chr12	121384914	121385444	82	82	0	chr12	121385144	121385444	121385443	-1
rep2.HPV18	chr13	49542741	49543272	200	0	200	chr13	49542741	49543041	-1	49542742
rep2.HPV18	chr13	98703926	98704489	185	185	0	chr13	98704189	98704489	98704488	-1
rep2.HPV18	chr14	28648989	28649374	121	121	0	chr14	28649073	28649373	-1	-1
rep2.HPV18	chr14	66510492	66511067	216	0	216	chr14	66510492	66510792	-1	66510504
rep2.HPV18	chr14	101750460	101750973	168	0	168	chr14	101750460	101750760	-1	101750461
rep2.HPV18	chr15	22896729	22897254	137	137	0	chr15	22896953	22897253	22897253	-1
rep2.HPV18	chr15	29651508	29652023	213	213	0	chr15	29651723	29652023	29652022	-1
rep2.HPV18	chr15	68678148	68678607	136	0	136	chr15	68678148	68678448	-1	68678149
rep2.HPV18	chr15	96789406	96789919	144	0	144	chr15	96789406	96789706	-1	96789406
rep2.HPV18	chr16	8056009	8056525	171	0	171	chr16	8056009	8056309	-1	8056013
rep2.HPV18	chr16	19222704	19223268	203	0	203	chr16	19222704	19223004	-1	19222705
rep2.HPV18	chr17	22375508	22375613	4	4	0	chr17	22375312	22375612	-1	-1
rep2.HPV18	chr17	30848507	30849022	196	0	196	chr17	30848507	30848807	-1	-1
rep2.HPV18	chr17	66493604	66494134	209	209	0	chr17	66493834	66494134	66494133	-1
rep2.HPV18	chr18	9755803	9756296	200	200	0	chr18	9755998	9756298	9756295	-1
rep2.HPV18	chr18	45138034	45138597	121	121	0	chr18	45138297	45138597	45138596	-1
rep2.HPV18	chr19	9790429	9790895	92	0	92	chr19	9790429	9790729	-1	9790430
rep2.HPV18	chr19	16373759	16374286	174	174	0	chr19	16373985	16374285	16374285	-1
rep2.HPV18	chr19	53221963	53222270	94	94	0	chr19	53221969	53222269	-1	-1
rep2.HPV18	chr19	54505036	54505507	137	137	0	chr19	54505206	54505506	-1	-1
rep2.HPV18	chr19	55405920	55406433	172	172	0	chr19	55406132	55406432	55406432	-1
rep2.HPV18	chr19	56490358	56490889	209	0	209	chr19	56490358	56490658	-1	56490359
rep2.HPV18	chr2	38535668	38536199	210	210	0	chr2	38535898	38536198	38536198	-1
rep2.HPV18	chr2	184006389	184006902	170	0	170	chr2	184006389	184006689	-1	184006390
rep2.HPV18	chr20	13113044	13113559	183	0	183	chr20	13113044	13113344	-1	13113046
rep2.HPV18	chr20	21810726	21811239	172	0	172	chr20	21810726	21811026	-1	21810726
rep2.HPV18	chr21	14193502	14194015	172	0	172	chr21	14193502	14193802	-1	14193503
rep2.HPV18	chr21	14904042	14904573	189	0	189	chr21	14904042	14904342	-1	14904043
rep2.HPV18	chr21	38163011	38163575	216	0	216	chr21	38163011	38163311	-1	38163012
rep2.HPV18	chr21	43194585	43195066	166	166	0	chr21	43194766	43195066	43195065	-1
rep2.HPV18	chr4	62759200	62759411	23	23	0	chr4	62759110	62759410	-1	-1
rep2.HPV18	chr5	26504274	26504800	197	0	197	chr5	26504274	26504574	-1	26504274
rep2.HPV18	chr6	136800063	136800593	128	128	0	chr6	136800293	136800593	136800592	-1
rep2.HPV18	chr7	67319770	67320263	161	161	0	chr7	67319963	67320263	67320262	-1
rep2.HPV18	chr9	83914600	83915098	143	143	0	chr9	83914767	83915067	83915066	-1
rep2.HPV18	chrX	17198052	17198583	204	0	204	chrX	17198052	17198352	-1	17198053
rep2.HPV18	chrX	18176136	18176648	172	172	0	chrX	18176348	18176648	-1	-1
rep2.HPV31	chr1	15064322	15064829	194	194	0	chr1	15064529	15064829	15064828	-1
rep2.HPV31	chr1	75217195	75217703	196	0	196	chr1	75217195	75217495	-1	75217195
rep2.HPV31	chr1	94542859	94543368	196	196	0	chr1	94543067	94543367	94543367	-1
rep2.HPV31	chr1	103459260	103459754	203	0	203	chr1	103459260	103459560	-1	103459261
rep2.HPV31	chr10	2721865	2722373	79	0	79	chr10	2721865	2722165	-1	-1
rep2.HPV31	chr10	28584845	28585352	162	162	0	chr10	28585052	28585352	28585351	-1
rep2.HPV31	chr10	76256603	76257111	196	0	196	chr10	76256603	76256903	-1	76256603
rep2.HPV31	chr11	7667328	7667841	203	203	0	chr11	7667542	7667842	7667840	-1
rep2.HPV31	chr12	62817890	62818403	203	203	0	chr12	62818103	62818403	62818402	-1
rep2.HPV31	chr13	62530293	62530801	194	0	194	chr13	62530293	62530593	-1	62530294
rep2.HPV31	chr14	29238318	29238812	203	0	203	chr14	29238318	29238618	-1	29238319
rep2.HPV31	chr14	49183922	49184447	196	0	196	chr14	49183922	49184222	-1	49183922
rep2.HPV31	chr16	77810199	77810713	203	0	203	chr16	77810199	77810499	-1	77810200
rep2.HPV31	chr17	59825490	59825999	161	161	0	chr17	59825700	59826000	59825998	-1
rep2.HPV31	chr17	67333718	67334211	203	203	0	chr17	67333911	67334211	67334210	-1
rep2.HPV31	chr17	77245506	77246019	202	202	0	chr17	77245719	77246019	77246018	-1
rep2.HPV31	chr18	50306668	50307182	202	0	202	chr18	50306668	50306968	-1	50306669
rep2.HPV31	chr18	75964873	75965387	203	0	203	chr18	75964873	75965173	-1	75964874
rep2.HPV31	chr19	14282202	14282693	79	79	0	chr19	14282393	14282693	14282692	-1
rep2.HPV31	chr19	38170503	38171030	197	197	0	chr19	38170729	38171029	38171029	-1
rep2.HPV31	chr19	55669651	55670176	196	196	0	chr19	55669875	55670175	55670175	-1
rep2.HPV31	chr19	57523251	57523764	203	203	0	chr19	57523465	57523765	57523763	-1
rep2.HPV31	chr2	214236361	214236874	153	153	0	chr2	214236574	214236874	214236873	-1
rep2.HPV31	chr2	214339835	214340367	168	0	168	chr2	214339835	214340135	-1	214339842
rep2.HPV31	chr20	57086990	57087504	203	0	203	chr20	57086990	57087290	-1	57086991
rep2.HPV31	chr20	57119163	57119639	163	163	0	chr20	57119338	57119638	-1	-1
rep2.HPV31	chr21	16833871	16834378	196	196	0	chr21	16834078	16834378	16834377	-1
rep2.HPV31	chr21	38948397	38948910	203	203	0	chr21	38948610	38948910	38948909	-1
rep2.HPV31	chr21	40986034	40986560	197	197	0	chr21	40986259	40986559	40986559	-1
rep2.HPV31	chr21	43671855	43672363	190	190	0	chr21	43672062	43672362	43672362	-1
rep2.HPV31	chr21	44986101	44986615	203	0	203	chr21	44986101	44986401	-1	44986102
rep2.HPV31	chr22	49136436	49136710	99	99	0	chr22	49136411	49136711	49136709	-1
rep2.HPV31	chr3	106328828	106329353	194	0	194	chr3	106328828	106329128	-1	106328828
rep2.HPV31	chr3	145529880	145530406	202	202	0	chr3	145530073	145530373	145530372	-1
rep2.HPV31	chr3	165153966	165154460	203	0	203	chr3	165153966	165154266	-1	165153967
rep2.HPV31	chr4	68863065	68863559	204	0	204	chr4	68863065	68863365	-1	68863065
rep2.HPV31	chr6	5186680	5187173	97	0	97	chr6	5186680	5186980	-1	5186680
rep2.HPV31	chr6	120764917	120765448	184	184	0	chr6	120765141	120765441	-1	-1
rep2.HPV31	chr7	93793257	93793334	4	0	4	chr7	93793257	93793557	-1	-1
rep2.HPV31	chr7	151951308	151951821	203	203	0	chr7	151951521	151951821	151951820	-1
rep2.HPV31	chr7	154092071	154092371	86	0	86	chr7	154092071	154092371	-1	-1
rep2.HPV31	chr8	3795810	3796326	71	0	71	chr8	3795810	3796110	-1	-1
rep2.HPV31	chr8	28066427	28066934	194	194	0	chr8	28066634	28066934	28066933	-1
rep2.HPV31	chr8	98818595	98818960	155	0	155	chr8	98818595	98818895	-1	98818595
rep2.HPV31	chr8	142886183	142886677	186	0	186	chr8	142886183	142886483	-1	142886184
rep2.HPV31	chr9	128833686	128834137	152	0	152	chr9	128833686	128833986	-1	128833687
rep2.HPV31	chrX	135890208	135890723	202	202	0	chrX	135890422	135890722	135890722	-1
rep2.HPV33	chr1	164187747	164188269	220	220	0	chr1	164187968	164188268	164188268	-1
rep2.HPV33	chr1	247213918	247214494	213	213	0	chr1	247214193	247214493	247214493	-1
rep2.HPV33	chr10	98737031	98737607	197	0	197	chr10	98737031	98737331	-1	98737032
rep2.HPV33	chr11	86240804	86241326	150	150	0	chr11	86241025	86241325	86241325	-1
rep2.HPV33	chr12	33405802	33406158	142	142	0	chr12	33405857	33406157	33406157	-1
rep2.HPV33	chr12	41085516	41085893	78	78	0	chr12	41085592	41085892	-1	-1
rep2.HPV33	chr12	91364488	91365010	195	0	195	chr12	91364488	91364788	-1	91364489
rep2.HPV33	chr12	94731008	94731497	195	0	195	chr12	94731008	94731308	-1	94731009
rep2.HPV33	chr13	21146683	21147176	190	0	190	chr13	21146683	21146983	-1	21146683
rep2.HPV33	chr13	31826614	31827102	195	195	0	chr13	31826802	31827102	31827101	-1
rep2.HPV33	chr14	20048649	20049224	213	213	0	chr14	20048924	20049224	20049223	-1
rep2.HPV33	chr14	82108831	82109353	216	0	216	chr14	82108831	82109131	-1	82108832
rep2.HPV33	chr14	97094718	97095239	124	0	124	chr14	97094718	97095018	-1	97094718
rep2.HPV33	chr15	30003290	30003779	195	0	195	chr15	30003290	30003590	-1	30003291
rep2.HPV33	chr15	70697414	70697903	182	182	0	chr15	70697602	70697902	70697902	-1
rep2.HPV33	chr16	6127831	6128353	220	0	220	chr16	6127831	6128131	-1	6127832
rep2.HPV33	chr16	84710863	84711438	213	213	0	chr16	84711138	84711438	84711437	-1
rep2.HPV33	chr16	89567299	89567809	180	180	0	chr16	89567509	89567809	89567808	-1
rep2.HPV33	chr18	62771828	62772316	163	163	0	chr18	62772016	62772316	62772315	-1
rep2.HPV33	chr19	6527918	6528494	213	0	213	chr19	6527918	6528218	-1	6527919
rep2.HPV33	chr19	19199612	19200190	214	0	214	chr19	19199612	19199912	-1	19199613
rep2.HPV33	chr2	208567261	208567837	214	0	214	chr2	208567261	208567561	-1	208567262
rep2.HPV33	chr2	226843006	226843580	79	0	79	chr2	226843006	226843306	-1	-1
rep2.HPV33	chr20	40900715	40901291	203	203	0	chr20	40900990	40901290	40901290	-1
rep2.HPV33	chr20	58529409	58529942	204	204	0	chr20	58529641	58529941	58529941	-1
rep2.HPV33	chr21	17625387	17625875	195	195	0	chr21	17625575	17625875	17625874	-1
rep2.HPV33	chr21	28781485	28781973	177	177	0	chr21	28781673	28781973	28781972	-1
rep2.HPV33	chr3	22741313	22741412	17	0	17	chr3	22741313	22741613	-1	-1
rep2.HPV33	chr3	41819748	41820269	219	219	0	chr3	41819969	41820269	41820268	-1
rep2.HPV33	chr3	168180695	168181271	213	0	213	chr3	168180695	168180995	-1	168180696
rep2.HPV33	chr3	175140979	175141467	192	192	0	chr3	175141167	175141467	175141466	-1
rep2.HPV33	chr5	74485139	74485672	204	0	204	chr5	74485139	74485439	-1	74485139
rep2.HPV33	chr5	122593346	122593661	24	0	24	chr5	122593346	122593646	-1	-1
rep2.HPV33	chr5	130277863	130278385	148	0	148	chr5	130277863	130278163	-1	130277863
rep2.HPV33	chr5	138215261	138215758	135	0	135	chr5	138215261	138215561	-1	-1
rep2.HPV33	chr6	78379062	78379638	208	208	0	chr6	78379337	78379637	78379637	-1
rep2.HPV33	chr6	128005654	128006187	204	204	0	chr6	128005886	128006186	128006186	-1
rep2.HPV33	chr6	138045577	138046066	194	0	194	chr6	138045577	138045877	-1	138045577
rep2.HPV33	chr7	24144281	24144769	195	195	0	chr7	24144469	24144769	24144768	-1
rep2.HPV33	chr7	45527494	45528025	207	207	0	chr7	45527715	45528015	-1	-1
rep2.HPV33	chr7	128439424	128439958	178	178	0	chr7	128439658	128439958	128439957	-1
rep2.HPV33	chr8	77803825	77804401	207	0	207	chr8	77803825	77804125	-1	77803826
rep2.HPV33	chr9	62482346	62482439	4	0	4	chr9	62482346	62482646	-1	-1
rep2.HPV33	chr9	103989269	103989802	204	204	0	chr9	103989503	103989803	103989801	-1
rep2.HPV33	chr9	116882954	116883531	214	214	0	chr9	116883232	116883532	-1	-1
rep2.HPV33	chrX	68863737	68864225	195	195	0	chrX	68863925	68864225	68864224	-1
rep2.HPV33	chrX	76793979	76794500	220	220	0	chrX	76794200	76794500	76794499	-1
rep2.HPV33	chrX	107249908	107250484	213	0	213	chrX	107249908	107250208	-1	107249909
rep2.HPV35	chr1	110039323	110039935	142	0	142	chr1	110039323	110039623	-1	110039324
rep2.HPV35	chr1	159232927	159233449	158	0	158	chr1	159232927	159233227	-1	159232927
rep2.HPV35	chr10	51907935	51908457	203	0	203	chr10	51907935	51908235	-1	51907935
rep2.HPV35	chr10	58006209	58006742	204	0	204	chr10	58006209	58006509	-1	58006209
rep2.HPV35	chr10	90128863	90129406	220	0	220	chr10	90128863	90129163	-1	90128863
rep2.HPV35	chr12	58309600	58310213	186	0	186	chr12	58309600	58309900	-1	58309601
rep2.HPV35	chr12	91310764	91311377	167	0	167	chr12	91310764	91311064	-1	91310765
rep2.HPV35	chr12	120315798	120316339	156	156	0	chr12	120316012	120316312	-1	-1
rep2.HPV35	chr13	72374057	72374579	203	0	203	chr13	72374057	72374357	-1	72374057
rep2.HPV35	chr14	95823729	95824274	92	0	92	chr14	95823729	95824029	-1	95823731
rep2.HPV35	chr14	104811592	104812116	164	0	164	chr14	104811592	104811892	-1	104811594
rep2.HPV35	chr15	42619517	42620032	206	0	206	chr15	42619517	42619817	-1	42619517
rep2.HPV35	chr15	52167349	52167893	156	156	0	chr15	52167593	52167893	52167892	-1
rep2.HPV35	chr16	49615120	49615653	123	0	123	chr16	49615120	49615420	-1	-1
rep2.HPV35	chr16	55826797	55827408	151	151	0	chr16	55827108	55827408	55827407	-1
rep2.HPV35	chr18	11660788	11661331	219	219	0	chr18	11661030	11661330	11661330	-1
rep2.HPV35	chr18	14208151	14208636	69	0	69	chr18	14208151	14208451	-1	-1
rep2.HPV35	chr18	47086263	47086780	117	117	0	chr18	47086479	47086779	47086779	-1
rep2.HPV35	chr19	4488365	4489009	145	145	0	chr19	4488676	4488976	4488975	-1
rep2.HPV35	chr19	22513284	22513806	203	203	0	chr19	22513505	22513805	22513805	-1
rep2.HPV35	chr19	35922718	35923218	89	89	0	chr19	35922917	35923217	-1	-1
rep2.HPV35	chr19	58069993	58070516	168	168	0	chr19	58070216	58070516	58070515	-1
rep2.HPV35	chr2	121940786	121941331	203	0	203	chr2	121940786	121941086	-1	-1
rep2.HPV35	chr2	143493026	143493526	150	150	0	chr2	143493226	143493526	143493525	-1
rep2.HPV35	chr2	210403683	210404220	93	93	0	chr2	210403893	210404193	-1	-1
rep2.HPV35	chr21	23099820	23100359	204	0	204	chr21	23099820	23100120	-1	23099826
rep2.HPV35	chr21	29817460	29817982	190	190	0	chr21	29817681	29817981	29817981	-1
rep2.HPV35	chr22	25812922	25813437	143	143	0	chr22	25813136	25813436	25813436	-1
rep2.HPV35	chr3	28705838	28706382	219	219	0	chr3	28706082	28706382	28706381	-1
rep2.HPV35	chr3	45968714	45969259	219	0	219	chr3	45968714	45969014	-1	45968715
rep2.HPV35	chr3	128579379	128579874	158	158	0	chr3	128579573	128579873	-1	-1
rep2.HPV35	chr3	150915932	150916544	159	0	159	chr3	150915932	150916232	-1	150915932
rep2.HPV35	chr4	106381994	106382548	119	119	0	chr4	106382215	106382515	106382515	-1
rep2.HPV35	chr4	185279524	185280168	175	175	0	chr4	185279835	185280135	185280134	-1
rep2.HPV35	chr5	89347987	89348599	118	0	118	chr5	89347987	89348287	-1	89347988
rep2.HPV35	chr5	133795785	133796330	219	0	219	chr5	133795785	133796085	-1	133795786
rep2.HPV35	chr5	152488433	152488918	142	142	0	chr5	152488618	152488918	152488917	-1
rep2.HPV35	chr7	112963818	112964361	219	219	0	chr7	112964060	112964360	112964360	-1
rep2.HPV35	chr7	122245153	122245766	190	190	0	chr7	122245465	122245765	122245765	-1
rep2.HPV35	chr7	133236943	133237465	202	0	202	chr7	133236943	133237243	-1	133236943
rep2.HPV35	chr8	54348205	54348738	204	204	0	chr8	54348437	54348737	54348737	-1
rep2.HPV35	chr9	76713544	76714156	189	0	189	chr9	76713544	76713844	-1	76713545
rep2.HPV35	chr9	81058301	81058823	204	204	0	chr9	81058522	81058822	81058822	-1
rep2.HPV35	chr9	81577421	81577857	152	152	0	chr9	81577558	81577858	81577856	-1
rep2.HPV35	chrY	56697172	56697280	22	0	22	chrY	56697172	56697472	-1	-1
rep2.HPV39	chr1	218785999	218786507	209	209	0	chr1	218786207	218786507	218786506	-1
rep2.HPV39	chr1	222254114	222254621	208	208	0	chr1	222254320	222254620	222254620	-1
rep2.HPV39	chr1	240361929	240362441	201	201	0	chr1	240362143	240362443	240362440	-1
rep2.HPV39	chr10	31537860	31538394	218	218	0	chr10	31538060	31538360	31538360	-1
rep2.HPV39	chr10	95641815	95642316	214	214	0	chr10	95642020	95642320	95642315	-1
rep2.HPV39	chr10	112970804	112971305	220	220	0	chr10	112971006	112971306	112971304	-1
rep2.HPV39	chr11	85160769	85161271	205	205	0	chr11	85160971	85161271	85161270	-1
rep2.HPV39	chr12	48314681	48315212	217	0	217	chr12	48314681	48314981	-1	48314682
rep2.HPV39	chr14	93180153	93180520	156	0	156	chr14	93180153	93180453	-1	93180153
rep2.HPV39	chr14	101849138	101849639	217	0	217	chr14	101849138	101849438	-1	101849138
rep2.HPV39	chr15	91116810	91117317	204	0	204	chr15	91116810	91117110	-1	91116810
rep2.HPV39	chr17	38560681	38561184	218	0	218	chr17	38560681	38560981	-1	38560683
rep2.HPV39	chr17	39791313	39791824	201	0	201	chr17	39791313	39791613	-1	39791313
rep2.HPV39	chr18	11007520	11008031	201	201	0	chr18	11007730	11008030	11008030	-1
rep2.HPV39	chr18	27029538	27030049	208	0	208	chr18	27029538	27029838	-1	27029542
rep2.HPV39	chr19	22863699	22864132	122	122	0	chr19	22863831	22864131	-1	-1
rep2.HPV39	chr19	32808509	32809020	201	0	201	chr19	32808509	32808809	-1	32808509
rep2.HPV39	chr2	51943232	51943716	207	207	0	chr2	51943415	51943715	51943715	-1
rep2.HPV39	chr2	178128130	178128676	193	193	0	chr2	178128343	178128643	178128641	-1
rep2.HPV39	chr20	4860890	4861436	193	193	0	chr20	4861100	4861400	4861400	-1
rep2.HPV39	chr20	21608348	21608879	217	0	217	chr20	21608348	21608648	-1	21608349
rep2.HPV39	chr20	31158360	31158867	172	172	0	chr20	31158570	31158870	31158866	-1
rep2.HPV39	chr21	9614419	9614851	155	155	0	chr21	9614550	9614850	-1	-1
rep2.HPV39	chr21	45546011	45546527	209	0	209	chr21	45546011	45546311	-1	45546011
rep2.HPV39	chr22	35792933	35793441	147	147	0	chr22	35793141	35793441	-1	-1
rep2.HPV39	chr3	31129794	31130303	109	0	109	chr3	31129794	31130094	-1	-1
rep2.HPV39	chr3	52423923	52424467	157	157	0	chr3	52424136	52424436	52424434	-1
rep2.HPV39	chr3	83089031	83089562	217	0	217	chr3	83089031	83089331	-1	83089032
rep2.HPV39	chr3	159102688	159103218	217	217	0	chr3	159102918	159103218	159103217	-1
rep2.HPV39	chr3	183226427	183226928	213	0	213	chr3	183226427	183226727	-1	183226427
rep2.HPV39	chr4	39178738	39179268	217	217	0	chr4	39178968	39179268	39179267	-1
rep2.HPV39	chr4	155777398	155777928	217	217	0	chr4	155777628	155777928	155777927	-1
rep2.HPV39	chr5	22088688	22089195	208	0	208	chr5	22088688	22088988	-1	22088688
rep2.HPV39	chr6	27740580	27740962	178	0	178	chr6	27740580	27740880	-1	27740581
rep2.HPV39	chr6	41606764	41607272	142	142	0	chr6	41606972	41607272	41607271	-1
rep2.HPV39	chr6	54784859	54785405	180	180	0	chr6	54785070	54785370	54785370	-1
rep2.HPV39	chr6	128897916	128898423	208	208	0	chr6	128898122	128898422	128898422	-1
rep2.HPV39	chr7	995700	996230	217	217	0	chr7	995930	996230	996229	-1
rep2.HPV39	chr7	88458494	88459009	209	209	0	chr7	88458708	88459008	88459008	-1
rep2.HPV39	chr7	102885925	102886456	218	218	0	chr7	102886155	102886455	102886455	-1
rep2.HPV39	chr7	156693131	156693677	201	201	0	chr7	156693344	156693644	156693641	-1
rep2.HPV39	chr8	3198350	3198859	208	0	208	chr8	3198350	3198650	-1	3198352
rep2.HPV39	chr8	40610806	40611308	221	221	0	chr8	40611008	40611308	-1	-1
rep2.HPV39	chr8	107386191	107386702	201	0	201	chr8	107386191	107386491	-1	107386191
rep2.HPV39	chr8	122583408	122583915	208	0	208	chr8	122583408	122583708	-1	122583408
rep2.HPV39	chr9	16155002	16155513	149	149	0	chr9	16155212	16155512	16155512	-1
rep2.HPV39	chr9	92922221	92922767	127	127	0	chr9	92922434	92922734	92922732	-1
rep2.HPV45	chr11	17536467	17536968	201	0	201	chr11	17536467	17536767	-1	17536467
rep2.HPV45	chr11	63973320	63973820	128	128	0	chr11	63973519	63973819	-1	-1
rep2.HPV45	chr11	96675507	96676019	201	201	0	chr11	96675719	96676019	96676018	-1
rep2.HPV45	chr12	74847074	74847594	206	0	206	chr12	74847074	74847374	-1	74847077
rep2.HPV45	chr12	94481143	94481658	192	192	0	chr12	94481357	94481657	94481657	-1
rep2.HPV45	chr12	107024164	107024631	193	0	193	chr12	107024164	107024464	-1	107024165
rep2.HPV45	chr14	30275954	30276469	190	0	190	chr14	30275954	30276254	-1	30275954
rep2.HPV45	chr14	49458752	49459234	207	0	207	chr14	49458752	49459052	-1	49458755
rep2.HPV45	chr15	55771815	55772289	108	108	0	chr15	55771985	55772285	-1	-1
rep2.HPV45	chr16	18728179	18728397	77	0	77	chr16	18728179	18728479	-1	-1
rep2.HPV45	chr16	78983270	78983787	204	204	0	chr16	78983487	78983787	78983786	-1
rep2.HPV45	chr17	70919978	70920493	192	0	192	chr17	70919978	70920278	-1	70919978
rep2.HPV45	chr17	82240827	82241340	202	0	202	chr17	82240827	82241127	-1	82240828
rep2.HPV45	chr18	36974674	36975187	200	0	200	chr18	36974674	36974974	-1	36974675
rep2.HPV45	chr18	67880071	67880584	172	0	172	chr18	67880071	67880371	-1	67880071
rep2.HPV45	chr19	8217800	8218024	72	0	72	chr19	8217800	8218100	-1	-1
rep2.HPV45	chr19	40542749	40543262	180	0	180	chr19	40542749	40543049	-1	40542750
rep2.HPV45	chr19	47023575	47024047	121	0	121	chr19	47023575	47023875	-1	47023580
rep2.HPV45	chr2	20204303	20204820	192	0	192	chr2	20204303	20204603	-1	20204305
rep2.HPV45	chr2	82424968	82425480	200	200	0	chr2	82425180	82425480	82425479	-1
rep2.HPV45	chr2	132831040	132831558	206	0	206	chr2	132831040	132831340	-1	132831041
rep2.HPV45	chr21	24235693	24236200	189	189	0	chr21	24235900	24236200	24236199	-1
rep2.HPV45	chr21	25720533	25721036	151	0	151	chr21	25720533	25720833	-1	25720534
rep2.HPV45	chr22	19618982	19619495	200	0	200	chr22	19618982	19619282	-1	19618983
rep2.HPV45	chr22	20363761	20364177	135	0	135	chr22	20363761	20364061	-1	-1
rep2.HPV45	chr22	43040893	43041406	200	0	200	chr22	43040893	43041193	-1	-1
rep2.HPV45	chr3	29314839	29315357	179	0	179	chr3	29314839	29315139	-1	29314840
rep2.HPV45	chr3	72318117	72318618	190	190	0	chr3	72318317	72318617	72318617	-1
rep2.HPV45	chr3	100234035	100234514	207	0	207	chr3	100234035	100234335	-1	100234035
rep2.HPV45	chr3	127570936	127571453	193	0	193	chr3	127570936	127571236	-1	127570937
rep2.HPV45	chr4	112050479	112050988	163	0	163	chr4	112050479	112050779	-1	-1
rep2.HPV45	chr5	127169108	127169621	135	0	135	chr5	127169108	127169408	-1	127169109
rep2.HPV45	chr7	23305950	23306452	154	154	0	chr7	23306152	23306452	23306451	-1
rep2.HPV45	chr7	46811131	46811646	192	192	0	chr7	46811345	46811645	46811645	-1
rep2.HPV45	chr7	82221553	82222056	123	0	123	chr7	82221553	82221853	-1	-1
rep2.HPV45	chr7	88418647	88419022	129	0	129	chr7	88418647	88418947	-1	-1
rep2.HPV45	chr7	106401306	106401823	206	206	0	chr7	106401523	106401823	106401822	-1
rep2.HPV45	chr8	12936190	12936708	197	0	197	chr8	12936190	12936490	-1	12936191
rep2.HPV45	chr8	58286391	58286908	206	206	0	chr8	58286608	58286908	58286907	-1
rep2.HPV45	chr8	88444669	88445187	208	0	208	chr8	88444669	88444969	-1	88444669
rep2.HPV45	chr9	33553714	33554231	108	108	0	chr9	33553908	33554208	-1	-1
rep2.HPV45	chr9	95852398	95852916	206	0	206	chr9	95852398	95852698	-1	95852399
rep2.HPV45	chr9	113301384	113301899	192	0	192	chr9	113301384	113301684	-1	113301384
rep2.HPV45	chr9	114161856	114162373	193	0	193	chr9	114161856	114162156	-1	114161857
rep2.HPV45	chrY	13388414	13388921	208	208	0	chrY	13388621	13388921	13388920	-1
rep3.HPV16	chr1	35734553	35735064	180	180	0	chr1	35734763	35735063	35735063	-1
rep3.HPV16	chr1	203250793	203251307	191	0	191	chr1	203250793	203251093	-1	203250793
rep3.HPV16	chr10	528779	529295	193	0	193	chr10	528779	529079	-1	528780
rep3.HPV16	chr11	95109578	95110018	161	0	161	chr11	95109578	95109878	-1	95109578
rep3.HPV16	chr11	103376318	103376796	172	172	0	chr11	103376497	103376797	103376795	-1
rep3.HPV16	chr11	134384745	134385299	203	203	0	chr11	134384967	134385267	134385267	-1
rep3.HPV16	chr12	110599695	110600209	118	0	118	chr12	110599695	110599995	-1	-1
rep3.HPV16	chr13	42309409	42309925	193	0	193	chr13	42309409	42309709	-1	42309410
rep3.HPV16	chr13	57114164	57114701	147	147	0	chr13	57114376	57114676	-1	-1
rep3.HPV16	chr13	89946135	89946658	192	0	192	chr13	89946135	89946435	-1	89946135
rep3.HPV16	chr14	83267784	83268349	193	0	193	chr14	83267784	83268084	-1	83267784
rep3.HPV16	chr14	92979467	92979951	147	0	147	chr14	92979467	92979767	-1	-1
rep3.HPV16	chr14	95941069	95941583	165	0	165	chr14	95941069	95941369	-1	95941069
rep3.HPV16	chr15	54263342	54263867	203	203	0	chr15	54263566	54263866	54263866	-1
rep3.HPV16	chr15	83847693	83848257	166	0	166	chr15	83847693	83847993	-1	-1
rep3.HPV16	chr16	67077400	67077923	203	0	203	chr16	67077400	67077700	-1	67077400
rep3.HPV16	chr18	27315889	27316412	202	0	202	chr18	27315889	27316189	-1	-1
rep3.HPV16	chr18	44484012	44484577	193	193	0	chr18	44484276	44484576	44484576	-1
rep3.HPV16	chr18	79012292	79012803	185	0	185	chr18	79012292	79012592	-1	79012292
rep3.HPV16	chr19	33327992	33328486	119	119	0	chr19	33328169	33328469	-1	-1
rep3.HPV16	chr19	47807565	47808088	192	192	0	chr19	47807787	47808087	47808087	-1
rep3.HPV16	chr2	46633179	46633690	148	0	148	chr2	46633179	46633479	-1	46633179
rep3.HPV16	chr2	85499626	85500180	95	95	0	chr2	85499848	85500148	85500148	-1
rep3.HPV16	chr2	122823935	122824448	191	0	191	chr2	122823935	122824235	-1	122823937
rep3.HPV16	chr2	233796357	233796883	194	194	0	chr2	233796584	233796884	233796882	-1
rep3.HPV16	chr20	13776811	13777322	191	0	191	chr20	13776811	13777111	-1	13776811
rep3.HPV16	chr20	19481677	19482231	203	203	0	chr20	19481899	19482199	19482199	-1
rep3.HPV16	chr20	53689479	53690018	110	110	0	chr20	53689701	53690001	-1	-1
rep3.HPV16	chr21	25267141	25267667	194	0	194	chr21	25267141	25267441	-1	25267141
rep3.HPV16	chr22	23681223	23681777	203	203	0	chr22	23681445	23681745	23681745	-1
rep3.HPV16	chr22	32745834	32746345	174	0	174	chr22	32745834	32746134	-1	32745834
rep3.HPV16	chr3	9840099	9840610	191	191	0	chr3	9840309	9840609	9840609	-1
rep3.HPV16	chr3	71763761	71764274	192	0	192	chr3	71763761	71764061	-1	71763762
rep3.HPV16	chr3	80341555	80342119	193	0	193	chr3	80341555	80341855	-1	80341555
rep3.HPV16	chr4	44813033	44813597	191	0	191	chr4	44813033	44813333	-1	44813033
rep3.HPV16	chr4	44836887	44837410	202	0	202	chr4	44836887	44837187	-1	44836887
rep3.HPV16	chr4	71788949	71789465	193	0	193	chr4	71788949	71789249	-1	71788950
rep3.HPV16	chr4	141776526	141777090	193	193	0	chr4	141776789	141777089	141777089	-1
rep3.HPV16	chr5	55972862	55973377	144	0	144	chr5	55972862	55973162	-1	55972862
rep3.HPV16	chr5	63765376	63765902	195	195	0	chr5	63765601	63765901	63765901	-1
rep3.HPV16	chr5	133281039	133281562	151	0	151	chr5	133281039	133281339	-1	133281039
rep3.HPV16	chr6	30336445	30336961	191	0	191	chr6	30336445	30336745	-1	30336447
rep3.HPV16	chr7	105552924	105553441	130	0	130	chr7	105552924	105553224	-1	-1
rep3.HPV16	chr7	155754048	155754571	203	0	203	chr7	155754048	155754348	-1	155754048
rep3.HPV16	chr9	67543302	67543660	36	0	36	chr9	67543302	67543602	-1	-1
rep3.HPV16	chr9	79266298	79266812	191	191	0	chr9	79266513	79266813	79266811	-1
rep3.HPV16	chr9	130533089	130533603	171	171	0	chr9	130533302	130533602	130533602	-1
rep3.HPV16	chrX	137613070	137613519	141	0	141	chrX	137613070	137613370	-1	137613070
rep3.HPV16	chrY	16425663	16426175	184	184	0	chrY	16425875	16426175	16426174	-1
rep3.HPV18	chr1	147307121	147307226	15	15	0	chr1	147306925	147307225	-1	-1
rep3.HPV18	chr1	198277039	198277532	221	221	0	chr1	198277231	198277531	198277531	-1
rep3.HPV18	chr10	85897585	85898113	209	209	0	chr10	85897813	85898113	85898112	-1
rep3.HPV18	chr11	33833306	33833803	192	0	192	chr11	33833306	33833606	-1	33833307
rep3.HPV18	chr11	97996652	97997149	192	0	192	chr11	97996652	97996952	-1	97996654
rep3.HPV18	chr11	107331547	107332102	203	203	0	chr11	107331802	107332102	107332101	-1
rep3.HPV18	chr11	112505636	112506037	100	0	100	chr11	112505636	112505936	-1	-1
rep3.HPV18	chr12	7102290	7102785	192	192	0	chr12	7102485	7102785	7102784	-1
rep3.HPV18	chr12	33803935	33804428	172	172	0	chr12	33804127	33804427	-1	-1
rep3.HPV18	chr14	30002186	30002724	185	0	185	chr14	30002186	30002486	-1	30002187
rep3.HPV18	chr15	98510651	98511181	209	0	209	chr15	98510651	98510951	-1	98510652
rep3.HPV18	chr16	25165281	25165812	174	0	174	chr16	25165281	25165581	-1	25165282
rep3.HPV18	chr17	558603	559096	154	154	0	chr17	558795	559095	559095	-1
rep3.HPV18	chr17	16945202	16945694	221	221	0	chr17	16945394	16945694	16945693	-1
rep3.HPV18	chr17	16946695	16947161	195	195	0	chr17	16946861	16947161	-1	-1
rep3.HPV18	chr17	48613268	48613760	180	180	0	chr17	48613460	48613760	48613759	-1
rep3.HPV18	chr17	72504913	72505441	209	209	0	chr17	72505141	72505441	72505440	-1
rep3.HPV18	chr18	8383369	8383866	192	0	192	chr18	8383369	8383669	-1	8383371
rep3.HPV18	chr19	42931908	42932464	101	0	101	chr19	42931908	42932208	-1	-1
rep3.HPV18	chr2	76163479	76163972	221	0	221	chr2	76163479	76163779	-1	76163480
rep3.HPV18	chr2	100731538	100732031	219	0	219	chr2	100731538	100731838	-1	100731539
rep3.HPV18	chr20	7492834	7493389	179	0	179	chr20	7492834	7493134	-1	7492834
rep3.HPV18	chr20	15504972	15505500	187	187	0	chr20	15505199	15505499	15505499	-1
rep3.HPV18	chr21	22867475	22868031	203	0	203	chr21	22867475	22867775	-1	22867476
rep3.HPV18	chr21	26640605	26641134	209	209	0	chr21	26640834	26641134	26641133	-1
rep3.HPV18	chr21	29583104	29583601	193	0	193	chr21	29583104	29583404	-1	29583106
rep3.HPV18	chr21	32445646	32446011	176	0	176	chr21	32445646	32445946	-1	32445647
rep3.HPV18	chr21	38374592	38375089	193	0	193	chr21	38374592	38374892	-1	38374592
rep3.HPV18	chr22	16983340	16983837	193	0	193	chr22	16983340	16983640	-1	16983341
rep3.HPV18	chr22	33892561	33893089	208	208	0	chr22	33892789	33893089	33893088	-1
rep3.HPV18	chr3	114990765	114991207	47	47	0	chr3	114990906	114991206	-1	-1
rep3.HPV18	chr4	21565522	21566018	192	192	0	chr4	21565718	21566018	21566017	-1
rep3.HPV18	chr4	102681059	102681623	189	0	189	chr4	102681059	102681359	-1	102681059
rep3.HPV18	chr5	14407087	14407583	192	0	192	chr5	14407087	14407387	-1	14407088
rep3.HPV18	chr5	68892710	68893202	221	221	0	chr5	68892902	68893202	68893201	-1
rep3.HPV18	chr5	77001490	77002019	207	207	0	chr5	77001719	77002019	77002018	-1
rep3.HPV18	chr5	141652725	141653218	142	0	142	chr5	141652725	141653025	-1	141652726
rep3.HPV18	chr5	176911944	176912503	203	0	203	chr5	176911944	176912244	-1	176911948
rep3.HPV18	chr6	90645052	90645580	209	209	0	chr6	90645280	90645580	90645579	-1
rep3.HPV18	chr7	23280477	23280972	189	189	0	chr7	23280672	23280972	23280971	-1
rep3.HPV18	chr7	72521323	72521816	199	0	199	chr7	72521323	72521623	-1	72521323
rep3.HPV18	chr7	81860122	81860592	145	0	145	chr7	81860122	81860422	-1	-1
rep3.HPV18	chr7	93930664	93931160	193	0	193	chr7	93930664	93930964	-1	93930665
rep3.HPV18	chr8	4166737	4167233	192	0	192	chr8	4166737	4167037	-1	4166738
rep3.HPV18	chr8	49789752	49790247	161	161	0	chr8	49789952	49790252	49790246	-1
rep3.HPV18	chr9	7868508	7868995	206	206	0	chr9	7868696	7868996	7868994	-1
rep3.HPV18	chrX	14347700	14348192	211	211	0	chrX	14347892	14348192	14348191	-1
rep3.HPV18	chrX	133799557	133800052	192	192	0	chrX	133799752	133800052	133800051	-1
rep3.HPV18	chrY	4920325	4920516	51	51	0	chrY	4920215	4920515	4920515	-1
rep3.HPV31	chr1	103322199	103322676	117	0	117	chr1	103322199	103322499	-1	-1
rep3.HPV31	chr10	120592421	120592936	64	0	64	chr10	120592421	120592721	-1	-1
rep3.HPV31	chr11	59607451	59607975	194	0	194	chr11	59607451	59607751	-1	59607451
rep3.HPV31	chr11	79766355	79766878	197	0	197	chr11	79766355	79766655	-1	79766355
rep3.HPV31	chr11	115741869	115742400	198	198	0	chr11	115742100	115742400	115742399	-1
rep3.HPV31	chr12	29662112	29662602	101	101	0	chr12	29662301	29662601	-1	-1
rep3.HPV31	chr13	23231526	23232042	147	0	147	chr13	23231526	23231826	-1	23231527
rep3.HPV31	chr13	80131388	80131916	198	0	198	chr13	80131388	80131688	-1	80131388
rep3.HPV31	chr14	20221296	20221623	25	0	25	chr14	20221296	20221596	-1	20221296
rep3.HPV31	chr14	69897787	69898310	194	0	194	chr14	69897787	69898087	-1	69897787
rep3.HPV31	chr14	84956562	84956983	143	0	143	chr14	84956562	84956862	-1	84956562
rep3.HPV31	chr14	105724690	105725181	132	0	132	chr14	105724690	105724990	-1	105724691
rep3.HPV31	chr15	26476477	26476993	196	0	196	chr15	26476477	26476777	-1	26476477
rep3.HPV31	chr15	59294209	59294764	203	203	0	chr15	59294464	59294764	59294763	-1
rep3.HPV31	chr15	71815640	71816163	197	197	0	chr15	71815865	71816165	71816162	-1
rep3.HPV31	chr16	16453738	16454158	28	0	28	chr16	16453738	16454038	-1	-1
rep3.HPV31	chr16	67510101	67510649	201	0	201	chr16	67510101	67510401	-1	67510102
rep3.HPV31	chr18	6877196	6877741	201	201	0	chr18	6877440	6877740	6877740	-1
rep3.HPV31	chr2	115146618	115147147	199	0	199	chr2	115146618	115146918	-1	-1
rep3.HPV31	chr20	4674876	4675433	204	204	0	chr20	4675133	4675433	4675432	-1
rep3.HPV31	chr20	30563474	30563921	47	0	47	chr20	30563474	30563774	-1	-1
rep3.HPV31	chr21	27716054	27716582	83	0	83	chr21	27716054	27716354	-1	27716054
rep3.HPV31	chr21	31942786	31943331	201	201	0	chr21	31943030	31943330	31943330	-1
rep3.HPV31	chr22	16554908	16555421	101	101	0	chr22	16555120	16555420	-1	-1
rep3.HPV31	chr22	17917313	17917841	199	0	199	chr22	17917313	17917613	-1	17917313
rep3.HPV31	chr3	16838578	16839073	191	0	191	chr3	16838578	16838878	-1	16838578
rep3.HPV31	chr3	70750176	70750699	156	0	156	chr3	70750176	70750476	-1	70750176
rep3.HPV31	chr3	96448426	96448942	198	0	198	chr3	96448426	96448726	-1	-1
rep3.HPV31	chr3	102345147	102345670	194	0	194	chr3	102345147	102345447	-1	102345147
rep3.HPV31	chr3	139235803	139236348	202	0	202	chr3	139235803	139236103	-1	139235803
rep3.HPV31	chr3	198021573	198022128	198	198	0	chr3	198021829	198022129	198022127	-1
rep3.HPV31	chr4	19957220	19957765	201	201	0	chr4	19957464	19957764	19957764	-1
rep3.HPV31	chr4	136020220	136020748	198	0	198	chr4	136020220	136020520	-1	136020220
rep3.HPV31	chr4	151859952	151860508	203	0	203	chr4	151859952	151860252	-1	151859953
rep3.HPV31	chr4	164482534	164483089	203	203	0	chr4	164482791	164483091	164483088	-1
rep3.HPV31	chr5	104544479	104545002	194	0	194	chr5	104544479	104544779	-1	104544479
rep3.HPV31	chr5	146930926	146931474	201	0	201	chr5	146930926	146931226	-1	146930929
rep3.HPV31	chr5	151799206	151799734	187	0	187	chr5	151799206	151799506	-1	151799206
rep3.HPV31	chr6	29745857	29746385	199	199	0	chr6	29746084	29746384	29746384	-1
rep3.HPV31	chr6	52274951	52275466	196	196	0	chr6	52275166	52275466	52275465	-1
rep3.HPV31	chr6	83516177	83516733	109	0	109	chr6	83516177	83516477	-1	83516178
rep3.HPV31	chr6	141738352	141738875	194	194	0	chr6	141738574	141738874	141738874	-1
rep3.HPV31	chr7	9952312	9952832	178	178	0	chr7	9952533	9952833	9952831	-1
rep3.HPV31	chr8	104726978	104727543	177	177	0	chr8	104727234	104727534	-1	-1
rep3.HPV31	chr9	87763203	87763727	194	0	194	chr9	87763203	87763503	-1	87763203
rep3.HPV33	chr1	12204478	12204978	212	0	212	chr1	12204478	12204778	-1	12204478
rep3.HPV33	chr1	38935586	38936119	146	0	146	chr1	38935586	38935886	-1	38935586
rep3.HPV33	chr1	171098729	171099012	35	0	35	chr1	171098729	171099029	-1	-1
rep3.HPV33	chr1	227773859	227774410	198	198	0	chr1	227774109	227774409	227774409	-1
rep3.HPV33	chr10	112973	113463	200	200	0	chr10	113162	113462	113462	-1
rep3.HPV33	chr10	2103167	2103700	217	217	0	chr10	2103399	2103699	2103699	-1
rep3.HPV33	chr10	31383793	31384283	177	0	177	chr10	31383793	31384093	-1	31383793
rep3.HPV33	chr11	96360321	96360836	184	184	0	chr11	96360536	96360836	96360835	-1
rep3.HPV33	chr12	130946714	130947247	217	0	217	chr12	130946714	130947014	-1	130946714
rep3.HPV33	chr13	55231038	55231554	173	173	0	chr13	55231253	55231553	55231553	-1
rep3.HPV33	chr13	103353815	103354305	141	0	141	chr13	103353815	103354115	-1	103353815
rep3.HPV33	chr14	24982950	24983476	208	208	0	chr14	24983176	24983476	24983475	-1
rep3.HPV33	chr14	54149826	54150343	194	0	194	chr14	54149826	54150126	-1	-1
rep3.HPV33	chr14	91996282	91996834	177	0	177	chr14	91996282	91996582	-1	-1
rep3.HPV33	chr15	30911937	30912453	142	0	142	chr15	30911937	30912237	-1	-1
rep3.HPV33	chr15	34552140	34552270	36	0	36	chr15	34552140	34552440	-1	-1
rep3.HPV33	chr15	39116969	39117504	217	0	217	chr15	39116969	39117269	-1	39116971
rep3.HPV33	chr16	25961777	25962310	217	0	217	chr16	25961777	25962077	-1	25961777
rep3.HPV33	chr16	27618217	27618767	198	198	0	chr16	27618467	27618767	27618766	-1
rep3.HPV33	chr16	55425603	55426119	204	0	204	chr16	55425603	55425903	-1	55425604
rep3.HPV33	chr16	79128771	79129324	198	0	198	chr16	79128771	79129071	-1	79128774
rep3.HPV33	chr16	83687558	83688114	196	0	196	chr16	83687558	83687858	-1	83687564
rep3.HPV33	chr17	27828480	27829031	89	0	89	chr17	27828480	27828780	-1	27828481
rep3.HPV33	chr17	60497319	60497852	217	217	0	chr17	60497551	60497851	60497851	-1
rep3.HPV33	chr19	6651776	6652266	178	0	178	chr19	6651776	6652076	-1	6651776
rep3.HPV33	chr19	42716819	42717161	39	0	39	chr19	42716819	42717119	-1	42716819
rep3.HPV33	chr19	50816945	50817461	187	0	187	chr19	50816945	50817245	-1	50816945
rep3.HPV33	chr2	46256072	46256607	217	0	217	chr2	46256072	46256372	-1	46256073
rep3.HPV33	chr2	111514517	111515017	74	0	74	chr2	111514517	111514817	-1	111514518
rep3.HPV33	chr20	15080169	15080720	197	0	197	chr20	15080169	15080469	-1	15080170
rep3.HPV33	chr20	39333449	39333999	175	175	0	chr20	39333699	39333999	39333998	-1
rep3.HPV33	chr20	46298834	46299367	217	217	0	chr20	46299066	46299366	46299366	-1
rep3.HPV33	chr22	50401524	50402015	126	126	0	chr22	50401714	50402014	50402014	-1
rep3.HPV33	chr3	12132765	12133325	204	204	0	chr3	12132991	12133291	12133290	-1
rep3.HPV33	chr3	190481874	190482425	197	0	197	chr3	190481874	190482174	-1	-1
rep3.HPV33	chr4	8755205	8755719	155	0	155	chr4	8755205	8755505	-1	-1
rep3.HPV33	chr4	140159548	140160038	159	159	0	chr4	140159737	140160037	140160037	-1
rep3.HPV33	chr5	42782900	42783359	75	0	75	chr5	42782900	42783200	-1	-1
rep3.HPV33	chr6	16590122	16590637	204	204	0	chr6	16590337	16590637	16590636	-1
rep3.HPV33	chr7	39017126	39017616	200	0	200	chr7	39017126	39017426	-1	39017126
rep3.HPV33	chr7	51358172	51358639	103	0	103	chr7	51358172	51358472	-1	51358172
rep3.HPV33	chr7	158597187	158597730	109	0	109	chr7	158597187	158597487	-1	-1
rep3.HPV33	chr8	99473505	99474056	198	0	198	chr8	99473505	99473805	-1	99473505
rep3.HPV33	chr8	100632678	100633169	181	0	181	chr8	100632678	100632978	-1	100632678
rep3.HPV33	chr9	18348850	18349340	190	190	0	chr9	18349039	18349339	18349339	-1
rep3.HPV33	chr9	127169541	127170068	211	211	0	chr9	127169767	127170067	127170067	-1
rep3.HPV33	chrX	40061508	40062041	203	203	0	chrX	40061742	40062042	40062040	-1
rep3.HPV33	chrX	90493369	90493535	42	0	42	chrX	90493369	90493669	-1	-1
rep3.HPV33	chrX	143434207	143434734	212	212	0	chrX	143434433	143434733	143434733	-1
rep3.HPV33	chrY	3011248	3011738	200	0	200	chrY	3011248	3011548	-1	3011248
rep3.HPV35	chr1	24063038	24063619	184	0	184	chr1	24063038	24063338	-1	24063039
rep3.HPV35	chr1	100067186	100067712	208	208	0	chr1	100067390	100067690	-1	-1
rep3.HPV35	chr1	155808638	155809187	218	0	218	chr1	155808638	155808938	-1	-1
rep3.HPV35	chr10	76289875	76290402	211	0	211	chr10	76289875	76290175	-1	76289875
rep3.HPV35	chr10	105261461	105262010	218	0	218	chr10	105261461	105261761	-1	105261463
rep3.HPV35	chr11	77860061	77860557	138	138	0	chr11	77860256	77860556	-1	-1
rep3.HPV35	chr11	103628540	103629121	184	184	0	chr11	103628820	103629120	103629120	-1
rep3.HPV35	chr11	116916027	116916543	183	0	183	chr11	116916027	116916327	-1	116916028
rep3.HPV35	chr12	22479613	22480193	203	203	0	chr12	22479857	22480157	22480157	-1
rep3.HPV35	chr12	42695848	42696351	219	219	0	chr12	42696053	42696353	-1	-1
rep3.HPV35	chr12	77348248	77348753	221	221	0	chr12	77348452	77348752	77348752	-1
rep3.HPV35	chr12	92435319	92435792	169	0	169	chr12	92435319	92435619	-1	92435319
rep3.HPV35	chr14	26472166	26472713	218	0	218	chr14	26472166	26472466	-1	26472166
rep3.HPV35	chr14	75479925	75480472	218	0	218	chr14	75479925	75480225	-1	75479925
rep3.HPV35	chr15	85780684	85781006	114	0	114	chr15	85780684	85780984	-1	85780685
rep3.HPV35	chr16	81003830	81004377	180	180	0	chr16	81004076	81004376	81004376	-1
rep3.HPV35	chr17	3799731	3800311	128	128	0	chr17	3800011	3800311	3800310	-1
rep3.HPV35	chr17	16016014	16016618	182	182	0	chr17	16016294	16016594	-1	-1
rep3.HPV35	chr17	44779590	44780117	203	0	203	chr17	44779590	44779890	-1	44779590
rep3.HPV35	chr17	78025296	78025822	199	199	0	chr17	78025522	78025822	78025821	-1
rep3.HPV35	chr18	53387515	53388096	184	0	184	chr18	53387515	53387815	-1	53387516
rep3.HPV35	chr18	64850321	64850902	184	0	184	chr18	64850321	64850621	-1	64850322
rep3.HPV35	chr19	14532576	14533123	157	157	0	chr19	14532822	14533122	14533122	-1
rep3.HPV35	chr19	16423176	16423679	195	195	0	chr19	16423378	16423678	16423678	-1
rep3.HPV35	chr2	1894277	1894793	161	0	161	chr2	1894277	1894577	-1	1894278
rep3.HPV35	chr20	55784804	55785384	184	184	0	chr20	55785084	55785384	55785383	-1
rep3.HPV35	chr21	28387575	28388124	218	218	0	chr21	28387823	28388123	28388123	-1
rep3.HPV35	chr21	31035908	31036411	210	210	0	chr21	31036110	31036410	31036410	-1
rep3.HPV35	chr22	22104837	22105363	146	146	0	chr22	22105039	22105339	-1	-1
rep3.HPV35	chr3	78858323	78858827	178	178	0	chr3	78858526	78858826	78858826	-1
rep3.HPV35	chr3	193846329	193846855	119	119	0	chr3	193846555	193846855	193846854	-1
rep3.HPV35	chr4	66851499	66852080	171	0	171	chr4	66851499	66851799	-1	66851500
rep3.HPV35	chr4	179026456	179027037	184	0	184	chr4	179026456	179026756	-1	179026457
rep3.HPV35	chr5	94681762	94682109	96	0	96	chr5	94681762	94682062	-1	-1
rep3.HPV35	chr5	129293867	129294370	158	0	158	chr5	129293867	129294167	-1	129293867
rep3.HPV35	chr6	7039243	7039790	145	145	0	chr6	7039489	7039789	7039789	-1
rep3.HPV35	chr6	20652220	20652750	211	211	0	chr6	20652449	20652749	20652749	-1
rep3.HPV35	chr6	109668884	109668981	16	16	0	chr6	109668680	109668980	-1	-1
rep3.HPV35	chr7	123029821	123030401	184	184	0	chr7	123030101	123030401	123030400	-1
rep3.HPV35	chr7	144461926	144462431	171	0	171	chr7	144461926	144462226	-1	144461927
rep3.HPV35	chr7	155060554	155061081	208	0	208	chr7	155060554	155060854	-1	155060555
rep3.HPV35	chr8	65597194	65597576	145	0	145	chr8	65597194	65597494	-1	65597196
rep3.HPV35	chr9	70503506	70504053	218	0	218	chr9	70503506	70503806	-1	70503506
rep3.HPV35	chrX	71839486	71839853	91	0	91	chrX	71839486	71839786	-1	-1
rep3.HPV35	chrX	87590592	87591173	184	0	184	chrX	87590592	87590892	-1	87590593
rep3.HPV39	chr1	80549546	80550076	200	0	200	chr1	80549546	80549846	-1	80549547
rep3.HPV39	chr10	16600178	16600701	179	179	0	chr10	16600400	16600700	-1	-1
rep3.HPV39	chr10	62823003	62823538	193	0	193	chr10	62823003	62823303	-1	62823003
rep3.HPV39	chr10	123437949	123438506	173	173	0	chr10	123438176	123438476	123438476	-1
rep3.HPV39	chr12	3329081	3329611	197	0	197	chr12	3329081	3329381	-1	3329082
rep3.HPV39	chr12	66766547	66767110	196	196	0	chr12	66766774	66767074	66767074	-1
rep3.HPV39	chr13	22984871	22985451	141	141	0	chr13	22985115	22985415	22985415	-1
rep3.HPV39	chr14	69712139	69712669	178	0	178	chr14	69712139	69712439	-1	-1
rep3.HPV39	chr15	48067539	48068066	198	0	198	chr15	48067539	48067839	-1	48067540
rep3.HPV39	chr15	55703398	55703943	147	0	147	chr15	55703398	55703698	-1	55703398
rep3.HPV39	chr15	63813007	63813535	154	154	0	chr15	63813236	63813536	63813534	-1
rep3.HPV39	chr15	88214787	88215317	196	0	196	chr15	88214787	88215087	-1	88214789
rep3.HPV39	chr16	4441799	4442344	204	204	0	chr16	4442043	4442343	4442343	-1
rep3.HPV39	chr16	52213224	52213749	198	0	198	chr16	52213224	52213524	-1	52213224
rep3.HPV39	chr17	3895045	3895590	204	204	0	chr17	3895289	3895589	3895589	-1
rep3.HPV39	chr17	22990566	22990670	19	19	0	chr17	22990369	22990669	-1	-1
rep3.HPV39	chr17	45133294	45133563	83	0	83	chr17	45133294	45133594	-1	45133296
rep3.HPV39	chr18	48336035	48336570	195	0	195	chr18	48336035	48336335	-1	48336035
rep3.HPV39	chr18	63443488	63444013	199	199	0	chr18	63443712	63444012	63444012	-1
rep3.HPV39	chr19	28414568	28415131	196	196	0	chr19	28414801	28415101	28415095	-1
rep3.HPV39	chr19	37710509	37711039	197	0	197	chr19	37710509	37710809	-1	37710510
rep3.HPV39	chr19	47618245	47618808	197	197	0	chr19	47618474	47618774	47618773	-1
rep3.HPV39	chr2	118369307	118369832	134	134	0	chr2	118369531	118369831	118369831	-1
rep3.HPV39	chr2	176059368	176059893	196	0	196	chr2	176059368	176059668	-1	176059368
rep3.HPV39	chr2	202528128	202528634	114	114	0	chr2	202528333	202528633	202528633	-1
rep3.HPV39	chr20	50995956	50996478	178	0	178	chr20	50995956	50996256	-1	-1
rep3.HPV39	chr20	54621883	54622411	165	0	165	chr20	54621883	54622183	-1	54621883
rep3.HPV39	chr21	24073402	24073947	204	204	0	chr21	24073646	24073946	24073946	-1
rep3.HPV39	chr22	39396620	39397155	194	0	194	chr22	39396620	39396920	-1	39396620
rep3.HPV39	chr22	41895108	41895549	73	73	0	chr22	41895248	41895548	-1	-1
rep3.HPV39	chr3	106310846	106311391	108	0	108	chr3	106310846	106311146	-1	106310846
rep3.HPV39	chr3	148457637	148458172	195	195	0	chr3	148457871	148458171	148458171	-1
rep3.HPV39	chr4	33036618	33037146	161	161	0	chr4	33036845	33037145	33037145	-1
rep3.HPV39	chr5	19117182	19117719	195	0	195	chr5	19117182	19117482	-1	-1
rep3.HPV39	chr5	25823629	25824174	204	204	0	chr5	25823873	25824173	25824173	-1
rep3.HPV39	chr5	74950524	74951049	191	191	0	chr5	74950750	74951050	74951048	-1
rep3.HPV39	chr5	96162748	96163273	198	198	0	chr5	96162972	96163272	96163272	-1
rep3.HPV39	chr5	99521500	99521941	77	77	0	chr5	99521640	99521940	-1	-1
rep3.HPV39	chr5	112314733	112315296	196	196	0	chr5	112314960	112315260	112315260	-1
rep3.HPV39	chr6	82729484	82730019	194	194	0	chr6	82729718	82730018	82730018	-1
rep3.HPV39	chr6	158519646	158520191	202	0	202	chr6	158519646	158519946	-1	158519646
rep3.HPV39	chr7	21188964	21189492	195	0	195	chr7	21188964	21189264	-1	21188964
rep3.HPV39	chr8	69377702	69378227	198	198	0	chr8	69377926	69378226	69378226	-1
rep3.HPV39	chr8	79945026	79945561	193	193	0	chr8	79945260	79945560	79945560	-1
rep3.HPV39	chr9	9180549	9181030	159	0	159	chr9	9180549	9180849	-1	-1
rep3.HPV39	chrY	13466295	13466832	192	192	0	chrY	13466531	13466831	13466831	-1
rep3.HPV45	chr1	151011514	151012044	152	0	152	chr1	151011514	151011814	-1	151011516
rep3.HPV45	chr10	32713865	32714384	173	0	173	chr10	32713865	32714165	-1	32713865
rep3.HPV45	chr10	109755529	109756061	204	204	0	chr10	109755762	109756062	109756060	-1
rep3.HPV45	chr10	126937262	126937788	190	0	190	chr10	126937262	126937562	-1	126937263
rep3.HPV45	chr11	72063039	72063575	148	148	0	chr11	72063276	72063576	72063574	-1
rep3.HPV45	chr11	104097313	104097850	223	223	0	chr11	104097550	104097850	104097849	-1
rep3.HPV45	chr12	16252408	16252934	206	206	0	chr12	16252633	16252933	16252933	-1
rep3.HPV45	chr12	106175168	106175729	194	194	0	chr12	106175395	106175695	106175695	-1
rep3.HPV45	chr12	106621752	106622278	204	0	204	chr12	106621752	106622052	-1	106621753
rep3.HPV45	chr12	111488650	111489134	162	162	0	chr12	111488834	111489134	111489133	-1
rep3.HPV45	chr13	30639484	30640015	203	203	0	chr13	30639715	30640015	30640014	-1
rep3.HPV45	chr13	46234865	46235395	203	203	0	chr13	46235094	46235394	46235394	-1
rep3.HPV45	chr13	53515812	53516352	222	0	222	chr13	53515812	53516112	-1	53515816
rep3.HPV45	chr13	69847814	69848364	223	223	0	chr13	69848065	69848365	69848363	-1
rep3.HPV45	chr13	104504537	104505067	203	203	0	chr13	104504766	104505066	104505066	-1
rep3.HPV45	chr14	40250766	40251303	223	223	0	chr14	40251003	40251303	40251302	-1
rep3.HPV45	chr14	70187888	70188414	206	0	206	chr14	70187888	70188188	-1	70187888
rep3.HPV45	chr15	25030899	25031436	222	0	222	chr15	25030899	25031199	-1	25030900
rep3.HPV45	chr15	33327983	33328508	178	178	0	chr15	33328207	33328507	33328507	-1
rep3.HPV45	chr15	75522432	75522970	192	0	192	chr15	75522432	75522732	-1	-1
rep3.HPV45	chr15	85044759	85045290	203	203	0	chr15	85044990	85045290	85045289	-1
rep3.HPV45	chr15	96075312	96075848	222	222	0	chr15	96075553	96075853	96075847	-1
rep3.HPV45	chr16	28264262	28264788	144	144	0	chr16	28264487	28264787	28264787	-1
rep3.HPV45	chr16	65497137	65497596	111	0	111	chr16	65497137	65497437	-1	-1
rep3.HPV45	chr17	47552744	47553191	113	0	113	chr17	47552744	47553044	-1	-1
rep3.HPV45	chr17	57191740	57192270	203	203	0	chr17	57191969	57192269	57192269	-1
rep3.HPV45	chr18	56655352	56655877	181	0	181	chr18	56655352	56655652	-1	56655352
rep3.HPV45	chr18	60086742	60087268	207	0	207	chr18	60086742	60087042	-1	60086742
rep3.HPV45	chr19	7060076	7060207	26	26	0	chr19	7059906	7060206	-1	-1
rep3.HPV45	chr2	26835046	26835577	142	0	142	chr2	26835046	26835346	-1	-1
rep3.HPV45	chr2	168624873	168625399	204	0	204	chr2	168624873	168625173	-1	168624874
rep3.HPV45	chr2	189451220	189451745	204	204	0	chr2	189451445	189451745	189451744	-1
rep3.HPV45	chr2	208672602	208673132	199	199	0	chr2	208672833	208673133	-1	-1
rep3.HPV45	chr22	17697196	17697701	181	181	0	chr22	17697401	17697701	17697700	-1
rep3.HPV45	chr3	109730950	109731467	198	198	0	chr3	109731167	109731467	109731466	-1
rep3.HPV45	chr3	154518330	154518862	203	0	203	chr3	154518330	154518630	-1	154518332
rep3.HPV45	chr4	129656244	129656713	111	0	111	chr4	129656244	129656544	-1	-1
rep3.HPV45	chr5	72360012	72360540	192	0	192	chr5	72360012	72360312	-1	72360012
rep3.HPV45	chr5	77331344	77331870	206	206	0	chr5	77331569	77331869	77331869	-1
rep3.HPV45	chr6	9929350	9929885	134	134	0	chr6	9929584	9929884	9929884	-1
rep3.HPV45	chr6	77054303	77054833	203	203	0	chr6	77054532	77054832	77054832	-1
rep3.HPV45	chr6	102527524	102528075	223	0	223	chr6	102527524	102527824	-1	102527525
rep3.HPV45	chr7	83300268	83300798	194	0	194	chr7	83300268	83300568	-1	83300269
rep3.HPV45	chr8	52151685	52152217	203	0	203	chr8	52151685	52151985	-1	52151687
rep3.HPV45	chr8	81561741	81562271	203	0	203	chr8	81561741	81562041	-1	81561741
rep3.HPV45	chr8	136387241	136387767	204	0	204	chr8	136387241	136387541	-1	136387242
rep3.HPV45	chr9	1552453	1552983	154	0	154	chr9	1552453	1552753	-1	1552453
rep3.HPV45	chr9	133569561	133570087	204	0	204	chr9	133569561	133569861	-1	133569562
rep3.HPV45	chrX	103094939	103095469	204	204	0	chrX	103095168	103095468	-1	-1
rep3.HPV45	chrX	146497429	146497961	203	0	203	chrX	146497429	146497729	-1	146497430
