sample_id	contig	humanchr	human_coord	fusion_name	fusionBreakpointCoord	DistBetweenInsertionAndFusionBreakpoint
CESC-LP-A5U2-TP	chr8~127742375~+~HPV16~6411~+	chr8	127742375	PVT1::MYC	127738251	4124
CESC-LP-A5U2-TP	HPV16~2899~+~chr8~127742408~+	chr8	127742408	PVT1::MYC	127738251	4157
CESC-LP-A5U2-TP	HPV16~869~+~chr8~127746262~+	chr8	127746262	PVT1::MYC	127738251	8011
CESC-LP-A5U2-TP	HPV16~2930~+~chr8~127742383~+	chr8	127742383	PVT1::MYC	127738251	4132
CESC-LP-A5U2-TP	chr8~127744279~+~HPV16~1345~+	chr8	127744279	PVT1::MYC	127738251	6028
CESC-LP-A5U2-TP	chr8~127747435~+~HPV16~7177~+	chr8	127747435	PVT1::MYC	127738251	9184
CESC-LP-A5U2-TP	chr8~127728801~+~HPV16~2034~+	chr8	127728801	MIR1204::MYC	127738248	9447
CESC-LP-A5U2-TP	chr8~127749365~+~HPV16~7085~+	chr8	127749365	PVT1::MYC	127738251	11114
CESC-LP-A5U2-TP	chr8~127776352~+~HPV16~339~+	chr8	127776352	PVT1::MYC	127794734	18382
CESC-LP-A5U2-TP	HPV16~2065~+~chr8~127739078~+	chr8	127739078	PVT1::MYC	127738251	827
CESC-VS-A9U7-TP	chr9~5467319~+~HPV16~3727~+	chr9	5467319	RLN1::CD274	5462834	4485
CESC-VS-A9U7-TP	chr9~5340897~+~HPV16~881~-	chr9	5340897	CD274::RLN1	5340896	1
CESC-VS-A9U7-TP	chr9~5335598~+~HPV16~881~-	chr9	5335598	RLN1::CD274	5339536	3938
CESC-VS-A9U7-TP	HPV16~1152~+~chr9~5451263~+	chr9	5451263	CD274::RLN1	5450596	667
CESC-VS-A9U7-TP	chr9~5340897~+~HPV16~227~-	chr9	5340897	CD274::RLN1	5340896	1
CESC-VS-A9U7-TP	chr9~5450597~+~HPV16~408~+	chr9	5450597	CD274::RLN1	5450596	1
CESC-VS-A9U7-TP	chr9~5339688~+~HPV16~887~-	chr9	5339688	RLN1::CD274	5339536	152
CESC-VS-A9U7-TP	chr9~5304200~+~HPV16~887~-	chr9	5304200	RLN1::CD274	5339536	35336
CESC-VS-A9U7-TP	HPV16~5293~+~chr9~5330337~+	chr9	5330337	RLN1::CD274	5339536	9199
CESC-VS-A9U7-TP	chr9~5451224~+~HPV16~5886~+	chr9	5451224	CD274::RLN1	5450596	628
CESC-VS-A9U7-TP	HPV16~4156~+~chr9~5439951~+	chr9	5439951	CD274::RLN1	5450596	10645
CESC-VS-A9U7-TP	chr9~5465614~+~HPV16~5637~+	chr9	5465614	RLN1::CD274	5462834	2780
CESC-VS-A9U7-TP	chr9~5466830~+~HPV16~5638~+	chr9	5466830	RLN1::CD274	5462834	3996
CESC-VS-A9U7-TP	chr9~5335575~+~HPV16~210~-	chr9	5335575	RLN1::CD274	5339536	3961
CESC-VS-A9U7-TP	HPV16~5294~+~chr9~5330337~+	chr9	5330337	RLN1::CD274	5339536	9199
CESC-VS-A9U7-TP	HPV16~1152~+~chr9~5451250~+	chr9	5451250	CD274::RLN1	5450596	654
CESC-VS-A9U7-TP	HPV16~4144~+~chr9~5439951~+	chr9	5439951	CD274::RLN1	5450596	10645
CESC-VS-A9U7-TP	chr9~5449473~+~HPV16~4635~+	chr9	5449473	CD274::RLN1	5450596	1123
CESC-VS-A9U7-TP	chr9~5333426~+~HPV16~4660~+	chr9	5333426	RLN1::CD274	5339536	6110
CESC-VS-A9V5-TP	HPV16~3347~-~chr17~39737484~+	chr17	39737484	GRB7::ERBB2	39738133	649
CESC-VS-A9V5-TP	chr17~39730264~+~HPV16~932~-	chr17	39730264	GRB7::ERBB2	39730023	241
CESC-VS-A9V5-TP	chr17~39720416~+~HPV16~182~-	chr17	39720416	ERBB2::PGAP3	39724010	3594
CESC-VS-A9V5-TP	chr17~39716747~+~HPV16~3652~-	chr17	39716747	ERBB2::PGAP3	39710481	6266
CESC-VS-A9V5-TP	chr17~39712449~+~HPV16~578~-	chr17	39712449	ERBB2::PGAP3	39710481	1968
CESC-VS-A9V5-TP	HPV16~3357~-~chr17~39738023~+	chr17	39738023	GRB7::ERBB2	39738133	110
CESC-VS-A9V5-TP	HPV16~3356~-~chr17~39729286~+	chr17	39729286	GRB7::ERBB2	39730023	737
CESC-VS-A9V5-TP	chr17~39720488~+~HPV16~2084~-	chr17	39720488	ERBB2::PGAP3	39724010	3522
CESC-VS-A9V5-TP	chr17~39720416~+~HPV16~7907~-	chr17	39720416	ERBB2::PGAP3	39724010	3594
CESC-VS-A9V5-TP	chr17~39717487~+~HPV16~935~-	chr17	39717487	ERBB2::PGAP3	39724010	6523
CESC-VS-A9V5-TP	chr17~39713430~+~HPV16~863~-	chr17	39713430	ERBB2::PGAP3	39710481	2949
CESC-VS-A9V5-TP	chr17~39733342~+~HPV16~921~-	chr17	39733342	GRB7::ERBB2	39730023	3319
CESC-VS-A9V5-TP	chr17~39734755~+~HPV16~935~-	chr17	39734755	GRB7::ERBB2	39738133	3378
CESC-VS-A9V5-TP	HPV16~3355~-~chr17~39723866~+	chr17	39723866	ERBB2::PGAP3	39724010	144
CESC-VS-A9V5-TP	chr17~39723615~+~HPV16~2152~-	chr17	39723615	ERBB2::PGAP3	39724010	395
CESC-VS-A9V5-TP	HPV16~408~-~chr17~39729684~+	chr17	39729684	GRB7::ERBB2	39730023	339
CESC-VS-A9V5-TP	chr17~39723656~+~HPV16~3355~+	chr17	39723656	ERBB2::PGAP3	39724010	354
CESC-VS-A9V5-TP	chr17~39726043~+~HPV16~516~-	chr17	39726043	ERBB2::PGAP3	39724010	2033
CESC-VS-A9V5-TP	chr17~39710482~+~HPV16~578~-	chr17	39710482	ERBB2::PGAP3	39710481	1
CESC-VS-A9V5-TP	chr17~39716606~+~HPV16~578~-	chr17	39716606	ERBB2::PGAP3	39710481	6125
CESC-VS-A9V5-TP	HPV16~2271~-~chr17~39723866~+	chr17	39723866	ERBB2::PGAP3	39724010	144
CESC-VS-A9V5-TP	HPV16~1871~-~chr17~39651458~+	chr17	39651458	ERBB2::PGAP3	39674679	23221
CESC-VS-A9V5-TP	chr17~39757250~+~HPV16~4450~-	chr17	39757250	GRB7::ERBB2	39738392	18858
CESC-VS-A9V5-TP	HPV16~6171~-~chr17~39707969~+	chr17	39707969	ERBB2::PGAP3	39707141	828
CESC-VS-A9V5-TP	HPV16~2270~-~chr17~39723867~+	chr17	39723867	ERBB2::PGAP3	39724010	143
CESC-VS-A9V5-TP	HPV16~2712~-~chr17~39737243~+	chr17	39737243	GRB7::ERBB2	39738133	890
CESC-VS-A9V5-TP	HPV16~619~-~chr17~39708755~+	chr17	39708755	ERBB2::PGAP3	39707141	1614
CESC-VS-A9V5-TP	HPV16~4277~-~chr17~39709419~+	chr17	39709419	ERBB2::PGAP3	39710481	1062
CESC-VS-A9V5-TP	HPV16~1693~-~chr17~39725022~+	chr17	39725022	ERBB2::PGAP3	39724010	1012
CESC-VS-A9V5-TP	HPV16~1976~-~chr17~39653365~+	chr17	39653365	ERBB2::PGAP3	39674679	21314
CESC-VS-A9V5-TP	chr17~39737430~+~HPV16~7814~-	chr17	39737430	GRB7::ERBB2	39738133	703
CESC-VS-A9V5-TP	HPV16~6664~-~chr17~39710566~+	chr17	39710566	ERBB2::PGAP3	39710481	85
CESC-VS-A9V5-TP	HPV16~3049~-~chr17~39731806~+	chr17	39731806	GRB7::ERBB2	39730023	1783
CESC-VS-A9V5-TP	chr17~39664677~+~HPV16~2785~-	chr17	39664677	ERBB2::PGAP3	39674679	10002
CESC-VS-A9V5-TP	HPV16~1661~-~chr17~39724343~+	chr17	39724343	ERBB2::PGAP3	39724010	333
CESC-VS-A9V5-TP	HPV16~7619~-~chr17~39693790~+	chr17	39693790	ERBB2::PGAP3	39686019	7771
CESC-VS-A9V5-TP	HPV16~1431~-~chr17~39728908~+	chr17	39728908	GRB7::ERBB2	39730023	1115
CESC-VS-A9V5-TP	HPV16~5767~+~chr17~39718892~+	chr17	39718892	ERBB2::PGAP3	39724010	5118
CESC-VS-A9V5-TP	chr17~39687063~+~HPV16~4779~-	chr17	39687063	ERBB2::PGAP3	39686019	1044
CESC-VS-A9V5-TP	chr17~39687572~+~HPV16~1117~-	chr17	39687572	ERBB2::PGAP3	39686019	1553
CESC-VS-A9V5-TP	chr17~39695065~+~HPV16~6117~-	chr17	39695065	ERBB2::PGAP3	39686019	9046
CESC-VS-A9V5-TP	HPV16~5892~-~chr17~39694310~+	chr17	39694310	ERBB2::PGAP3	39686019	8291
CESC-VS-A9V5-TP	chr17~39732200~+~HPV16~6883~-	chr17	39732200	GRB7::ERBB2	39730023	2177
CESC-VS-A9V5-TP	chr17~39696799~+~HPV16~4411~-	chr17	39696799	ERBB2::PGAP3	39707141	10342
CESC-VS-A9V5-TP	HPV16~6312~-~chr17~39717864~+	chr17	39717864	ERBB2::PGAP3	39724010	6146
CESC-VS-A9V5-TP	chr17~39692019~+~HPV16~2658~+	chr17	39692019	ERBB2::PGAP3	39686019	6000
CESC-VS-A9V5-TP	chr17~39666041~+~HPV16~973~-	chr17	39666041	ERBB2::PGAP3	39674679	8638
CESC-VS-A9V5-TP	chr17~39733144~+~HPV16~4887~-	chr17	39733144	GRB7::ERBB2	39730023	3121
CESC-VS-A9V5-TP	chr17~39658476~+~HPV16~6754~-	chr17	39658476	ERBB2::PGAP3	39674679	16203
CESC-VS-A9V5-TP	HPV16~2290~-~chr17~39698676~+	chr17	39698676	ERBB2::PGAP3	39707141	8465
CESC-VS-A9V5-TP	HPV16~1309~-~chr17~39746696~+	chr17	39746696	GRB7::ERBB2	39738392	8304
CESC-VS-A9V5-TP	HPV16~2277~-~chr17~39717869~+	chr17	39717869	ERBB2::PGAP3	39724010	6141
CESC-VS-A94W-TP	HPV16~3357~-~chr12~6354437~+	chr12	6354437	TNFRSF1A::SCNN1A	6355880	1443
CESC-VS-A94W-TP	chr12~6352354~+~HPV16~1218~-	chr12	6352354	TNFRSF1A::SCNN1A	6355880	3526
CESC-MA-AA3X-TP	chr20~14856841~+~HPV16~5965~+	chr20	14856841	ETV6::MACROD2	14849904	6937
CESC-MA-AA3X-TP	HPV16~2188~+~chr20~14849870~+	chr20	14849870	ETV6::MACROD2	14849904	34
CESC-MA-AA3X-TP	HPV16~5683~+~chr20~14849999~+	chr20	14849999	ETV6::MACROD2	14849904	95
CESC-MA-AA3X-TP	HPV16~5370~+~chr20~14847363~+	chr20	14847363	ETV6::MACROD2	14849904	2541
CESC-MA-AA3X-TP	chr20~14849041~+~HPV16~6025~+	chr20	14849041	ETV6::MACROD2	14849904	863
CESC-MA-AA3X-TP	HPV16~7484~+~chr20~14854322~+	chr20	14854322	ETV6::MACROD2	14849904	4418
CESC-MA-AA3X-TP	HPV16~5517~+~chr20~14851781~+	chr20	14851781	ETV6::MACROD2	14849904	1877
HNSC-CV-5443-TP	HPV16~6761~-~chr9~5464508~+	chr9	5464508	PLGRKT::CD274	5456100	8408
HNSC-CV-5443-TP	chr9~5464233~+~HPV16~7790~-	chr9	5464233	PLGRKT::CD274	5456100	8133
HNSC-CV-5443-TP	chr9~5463122~+~HPV16~525~+	chr9	5463122	PLGRKT::CD274	5456100	7022
HNSC-CV-5443-TP	chr9~5464247~+~HPV16~7850~-	chr9	5464247	PLGRKT::CD274	5456100	8147
HNSC-CV-5443-TP	HPV16~6758~-~chr9~5464511~+	chr9	5464511	PLGRKT::CD274	5456100	8411
HNSC-CV-5443-TP	chr9~5437672~+~HPV16~7022~-	chr9	5437672	PLGRKT::CD274	5431897	5775
HNSC-CV-5443-TP	HPV16~1583~+~chr9~5388149~+	chr9	5388149	PLGRKT::CD274	5431897	43748
HNSC-CV-5443-TP	HPV16~1556~+~chr9~5473811~+	chr9	5473811	PLGRKT::CD274	5456100	17711
HNSC-CV-5443-TP	chr9~5464245~+~HPV16~7852~-	chr9	5464245	PLGRKT::CD274	5456100	8145
CESC-C5-A907-TP	chr17~59860425~+~HPV18~930~-	chr17	59860425	BCAS3::RPS6KB1	59848667	11758
CESC-C5-A907-TP	chr17~59860455~+~HPV18~1831~-	chr17	59860455	BCAS3::RPS6KB1	59848667	11788
CESC-C5-A907-TP	HPV18~930~+~chr17~59912683~+	chr17	59912683	BCAS3::RPS6KB1	59912684	1
CESC-C5-A907-TP	chr17~59847421~+~HPV18~6384~+	chr17	59847421	BCAS3::RPS6KB1	59848667	1246
CESC-C5-A907-TP	HPV18~2352~+~chr17~59842859~+	chr17	59842859	BCAS3::RPS6KB1	59848667	5808
CESC-C5-A907-TP	chr17~59860425~+~HPV18~234~-	chr17	59860425	BCAS3::RPS6KB1	59848667	11758
CESC-C5-A907-TP	chr17~59950798~+~HPV18~5157~+	chr17	59950798	RPS6KB1::RNFT1	59953046	2248
CESC-C5-A907-TP	chr17~60678694~+~HPV18~6766~+	chr17	60678694	BCAS3::RPS6KB1	60677914	780
CESC-VS-A9U5-TP	chr1~212566484~+~HPV16~6548~+	chr1	212566484	ATF3::RP11-61J19.3	212554412	12072
CESC-VS-A9U5-TP	HPV16~88~+~chr1~212566504~+	chr1	212566504	ATF3::RP11-61J19.3	212554412	12092
CESC-VS-A9U5-TP	HPV16~7907~+~chr1~212566504~+	chr1	212566504	ATF3::RP11-61J19.3	212554412	12092
CESC-ZX-AA5X-TP	chr8~127738644~+~HPV35~1493~-	chr8	127738644	PVT1::MYC	127738251	393
CESC-ZX-AA5X-TP	chr8~127797603~+~HPV35~5270~-	chr8	127797603	PVT1::MYC	127796071	1532
CESC-ZX-AA5X-TP	HPV35~1666~-~chr8~127797613~+	chr8	127797613	PVT1::MYC	127796071	1542
CESC-ZX-AA5X-TP	HPV35~5394~-~chr8~127727608~+	chr8	127727608	PVT1::MYC	127738248	10640
CESC-ZX-AA5X-TP	chr8~127814063~+~HPV35~4478~-	chr8	127814063	PVT1::MYC	127796071	17992
CESC-VS-A8Q9-TP	HPV51~1610~+~chr19~12790871~+	chr19	12790871	HOOK2::GADD45GIP1	12792324	1453
CESC-VS-A8Q9-TP	HPV51~887~+~chr19~12795242~+	chr19	12795242	HOOK2::GADD45GIP1	12792324	2918
CESC-VS-A8Q9-TP	HPV51~178~+~chr19~12795242~+	chr19	12795242	HOOK2::GADD45GIP1	12792324	2918
CESC-VS-A8Q9-TP	HPV51~887~+~chr19~12791348~+	chr19	12791348	HOOK2::GADD45GIP1	12792324	976
CESC-VS-A8Q9-TP	HPV51~178~+~chr19~12804103~+	chr19	12804103	HOOK2::GADD45GIP1	12792324	11779
CESC-VS-A8Q9-TP	HPV51~178~+~chr19~12807007~+	chr19	12807007	HOOK2::GADD45GIP1	12792324	14683
CESC-VS-A8Q9-TP	HPV51~1492~-~chr19~12790878~+	chr19	12790878	HOOK2::GADD45GIP1	12792324	1446
LIHC-DD-A1EL-NT	chr19~6671360~+~NC_003977_3182nt_Hepatitis_B_virus~1786~-	chr19	6671360	C3::ALB	6686746	15386
LIHC-DD-A1EL-NT	chr19~6671358~+~NC_003977_3182nt_Hepatitis_B_virus~1659~+	chr19	6671358	C3::ALB	6686746	15388
LIHC-DD-A1EL-NT	NC_003977_3182nt_Hepatitis_B_virus~1748~-~chr19~6671295~+	chr19	6671295	C3::ALB	6686746	15451
CESC-Q1-A73R-TP	chr17~39672170~+~HPV16~6469~+	chr17	39672170	PGAP3::PNMT	39669629	2541
CESC-Q1-A73R-TP	HPV16~7907~+~chr17~39672186~+	chr17	39672186	PGAP3::PNMT	39669629	2557
CESC-Q1-A73R-TP	chr17~39677551~+~HPV16~6742~+	chr17	39677551	PGAP3::PNMT	39669629	7922
CESC-Q1-A73R-TP	HPV16~7862~-~chr17~39668351~+	chr17	39668351	PGAP3::PNMT	39669629	1278
CESC-Q1-A73R-TP	chr17~39669829~+~HPV16~7054~+	chr17	39669829	PGAP3::PNMT	39669629	200
CESC-Q1-A73R-TP	chr17~39672169~+~HPV16~6468~+	chr17	39672169	PGAP3::PNMT	39669629	2540
HNSC-CN-A49C-TP	HPV16~881~+~chr17~39706989~+	chr17	39706989	ERBB2::IKZF3	39717480	10491
HNSC-CN-A49C-TP	HPV16~227~+~chr17~39708317~+	chr17	39708317	ERBB2::IKZF3	39717480	9163
HNSC-CN-A49C-TP	HPV16~227~+~chr17~39706989~+	chr17	39706989	ERBB2::IKZF3	39717480	10491
HNSC-CN-A49C-TP	HPV16~6878~-~chr17~39694981~+	chr17	39694981	ERBB2::IKZF3	39717480	22499
HNSC-CN-A49C-TP	HPV16~5835~+~chr17~39694582~+	chr17	39694582	ERBB2::IKZF3	39717480	22898
HNSC-HD-7754-TP	HPV16~3357~-~chr17~81869541~+	chr17	81869541	P4HB::ARHGDIA	81869957	416
HNSC-HD-7754-TP	HPV16~2708~-~chr17~81869541~+	chr17	81869541	P4HB::ARHGDIA	81869957	416
HNSC-HD-7754-TP	HPV16~578~+~chr17~81869541~+	chr17	81869541	P4HB::ARHGDIA	81869957	416
HNSC-HD-7754-TP	HPV16~1669~-~chr17~81869533~+	chr17	81869533	P4HB::ARHGDIA	81869957	424
HNSC-HD-7754-TP	chr17~81872032~+~HPV16~3813~+	chr17	81872032	P4HB::ARHGDIA	81869957	2075
HNSC-HD-7754-TP	HPV16~934~+~chr17~81855195~+	chr17	81855195	P4HB::ARHGDIA	81855142	53
HNSC-HD-7754-TP	HPV16~4530~+~chr17~81850559~+	chr17	81850559	P4HB::ARHGDIA	81855142	4583
HNSC-HD-7754-TP	HPV16~1671~-~chr17~81869516~+	chr17	81869516	P4HB::ARHGDIA	81869957	441
HNSC-HD-7754-TP	chr17~81874384~+~HPV16~4327~+	chr17	81874384	P4HB::ARHGDIA	81869957	4427
HNSC-HD-7754-TP	chr17~81857826~+~HPV16~2846~-	chr17	81857826	P4HB::ARHGDIA	81855142	2684
HNSC-HD-7754-TP	HPV16~4774~+~chr17~81845024~+	chr17	81845024	P4HB::ARHGDIA	81855142	10118
HNSC-HD-7754-TP	HPV16~1326~+~chr17~81870633~+	chr17	81870633	P4HB::ARHGDIA	81869957	676
HNSC-HD-7754-TP	HPV16~4529~+~chr17~81850558~+	chr17	81850558	P4HB::ARHGDIA	81855142	4584
CESC-VS-A950-TP	HPV35~884~+~chr1~151347631~+	chr1	151347631	PI4KB::SELENBP1	151326172	21459
CESC-VS-A950-TP	HPV35~2213~+~chr1~151347408~+	chr1	151347408	PI4KB::SELENBP1	151326172	21236
CESC-VS-A950-TP	chr1~151347189~+~HPV35~414~+	chr1	151347189	PI4KB::SELENBP1	151326172	21017
CESC-VS-A950-TP	HPV35~219~+~chr1~151347631~+	chr1	151347631	PI4KB::SELENBP1	151326172	21459
CESC-VS-A950-TP	HPV35~746~-~chr1~151347527~+	chr1	151347527	PI4KB::SELENBP1	151326172	21355
LIHC-G3-A3CK-TP	NC_003977_3182nt_Hepatitis_B_virus~94~-~chr16~72060730~+	chr16	72060730	C3::HP	72060112	618
LIHC-G3-A3CK-TP	NC_003977_3182nt_Hepatitis_B_virus~1398~-~chr16~72060610~+	chr16	72060610	C3::HP	72060112	498
CESC-EK-A2RO-TP	chr17~1013165~+~HPV16~881~-	chr17	1013165	NXN::ABR	1013164	1
CESC-EK-A2RO-TP	chr17~1013165~+~HPV16~227~-	chr17	1013165	NXN::ABR	1013164	1
CESC-EK-A2RO-TP	chr17~1011986~+~HPV16~227~-	chr17	1011986	NXN::ABR	1013164	1178
CESC-EK-A2RO-TP	chr17~957203~+~HPV16~2072~-	chr17	957203	NXN::ABR	979319	22116
CESC-EK-A2RO-TP	chr17~957203~+~HPV16~2092~-	chr17	957203	NXN::ABR	979319	22116
CESC-EK-A2RO-TP	HPV16~4773~-~chr17~957299~+	chr17	957299	NXN::ABR	979319	22020
CESC-EA-A3HQ-TP	chr8~127880312~+~HPV16~7907~-	chr8	127880312	MIR1204::MYC	127796071	84241
CESC-EA-A3HQ-TP	chr8~127794735~+~HPV16~408~+	chr8	127794735	PVT1::MYC	127794734	1
CESC-EA-A3HQ-TP	chr8~127796009~+~HPV16~408~+	chr8	127796009	MIR1204::MYC	127796008	1
CESC-EA-A3HQ-TP	HPV16~0~-~chr8~127735568~+	chr8	127735568	MIR1204::MYC	127738248	2680
CESC-EA-A3HQ-TP	HPV16~7793~-~chr8~127735564~+	chr8	127735564	MIR1204::MYC	127738248	2684
CESC-EA-A3HQ-TP	HPV16~0~-~chr8~127735564~+	chr8	127735564	MIR1204::MYC	127738248	2684
CESC-EA-A3HQ-TP	HPV16~6364~-~chr8~127870525~+	chr8	127870525	MIR1204::MYC	127796071	74454
CESC-EA-A3HQ-TP	HPV16~7680~-~chr8~127876801~+	chr8	127876801	MIR1204::MYC	127796071	80730
CESC-EA-A3HQ-TP	HPV16~4794~-~chr8~127880550~+	chr8	127880550	MIR1204::MYC	127796071	84479
CESC-EA-A3HQ-TP	HPV16~4796~-~chr8~127880548~+	chr8	127880548	MIR1204::MYC	127796071	84477
CESC-EA-A3HQ-TP	chr8~127851097~+~HPV16~1738~+	chr8	127851097	MIR1204::MYC	127796071	55026
CESC-EA-A3HQ-TP	HPV16~1327~-~chr8~127736809~+	chr8	127736809	MIR1204::MYC	127738248	1439
CESC-EA-A3HQ-TP	chr8~127879465~+~HPV16~1368~-	chr8	127879465	MIR1204::MYC	127796071	83394
CESC-EA-A3HQ-TP	HPV16~7743~-~chr8~127851342~+	chr8	127851342	MIR1204::MYC	127796071	55271
CESC-EA-A3HQ-TP	HPV16~731~+~chr8~127870085~+	chr8	127870085	MIR1204::MYC	127796071	74014
CESC-EA-A3HQ-TP	HPV16~6797~+~chr8~127858537~+	chr8	127858537	MIR1204::MYC	127796071	62466
CESC-EA-A3HQ-TP	HPV16~2403~-~chr8~127849623~+	chr8	127849623	MIR1204::MYC	127796071	53552
CESC-EA-A3HQ-TP	HPV16~7513~-~chr8~127860024~+	chr8	127860024	MIR1204::MYC	127796071	63953
CESC-EA-A3HQ-TP	chr8~127862069~+~HPV16~7391~-	chr8	127862069	MIR1204::MYC	127796071	65998
CESC-EA-A3HQ-TP	chr8~127793823~+~HPV16~1095~+	chr8	127793823	PVT1::MYC	127794734	911
CESC-EA-A3HQ-TP	chr8~127789308~+~HPV16~3030~-	chr8	127789308	PVT1::MYC	127794734	5426
CESC-EA-A3HQ-TP	HPV16~2646~-~chr8~127792393~+	chr8	127792393	PVT1::MYC	127794734	2341
CESC-EA-A3HQ-TP	HPV16~191~+~chr8~127778382~+	chr8	127778382	PVT1::MYC	127794734	16352
CESC-EA-A3HQ-TP	HPV16~0~-~chr8~127876799~+	chr8	127876799	MIR1204::MYC	127796071	80728
CESC-EA-A3HQ-TP	chr8~127880312~+~HPV16~31~-	chr8	127880312	MIR1204::MYC	127796071	84241
CESC-VS-A9UP-TP	HPV18~1346~+~chr1~26771119~+	chr1	26771119	ZDHHC18::ARID1A	26772500	1381
CESC-VS-A9UP-TP	HPV18~930~+~chr1~26772499~+	chr1	26772499	ZDHHC18::ARID1A	26772500	1
CESC-VS-A9UP-TP	HPV18~2543~+~chr1~26771064~+	chr1	26771064	ZDHHC18::ARID1A	26772500	1436
CESC-VS-A9UP-TP	chr1~26831707~+~HPV18~4769~+	chr1	26831707	ZDHHC18::ARID1A	26827139	4568
CESC-VS-A9UP-TP	chr1~26768000~+~HPV18~3433~+	chr1	26768000	ZDHHC18::ARID1A	26772500	4500
CESC-VS-A9UP-TP	chr1~26827140~+~HPV18~23~+	chr1	26827140	ZDHHC18::ARID1A	26827139	1
CESC-VS-A9UP-TP	chr1~26771099~+~HPV18~6597~+	chr1	26771099	ZDHHC18::ARID1A	26772500	1401
CESC-VS-A9UP-TP	chr1~26768000~+~HPV18~41~+	chr1	26768000	ZDHHC18::ARID1A	26772500	4500
CESC-VS-A9UP-TP	chr1~26768001~+~HPV18~2783~+	chr1	26768001	ZDHHC18::ARID1A	26772500	4499
CESC-VS-A9UP-TP	chr1~26771098~+~HPV18~6596~+	chr1	26771098	ZDHHC18::ARID1A	26772500	1402
CESC-VS-A9UP-TP	HPV18~2318~+~chr1~26771119~+	chr1	26771119	ZDHHC18::ARID1A	26772500	1381
CESC-VS-A9UP-TP	chr1~26831704~+~HPV18~4766~+	chr1	26831704	ZDHHC18::ARID1A	26827139	4565
CESC-VS-A9UP-TP	HPV18~7707~+~chr1~26756109~+	chr1	26756109	ZDHHC18::ARID1A	26772500	16391
CESC-VS-A9UP-TP	chr1~26771666~+~HPV18~6172~+	chr1	26771666	ZDHHC18::ARID1A	26772500	834
CESC-JX-A5QV-TP	chr19~44760452~+~HPV16~7128~+	chr19	44760452	BCL3::GRIK4	44758413	2039
CESC-JX-A5QV-TP	chr11~120819921~+~HPV16~3357~+	chr11	120819921	BCL3::GRIK4	120815378	4543
CESC-JX-A5QV-TP	chr19~44758842~+~HPV16~7128~+	chr19	44758842	BCL3::GRIK4	44758413	429
CESC-JX-A5QV-TP	HPV16~881~+~chr11~120815377~+	chr11	120815377	BCL3::GRIK4	120815378	1
CESC-JX-A5QV-TP	HPV16~881~+~chr11~120819754~+	chr11	120819754	BCL3::GRIK4	120815378	4376
CESC-JX-A5QV-TP	chr11~120815476~+~HPV16~3357~+	chr11	120815476	BCL3::GRIK4	120815378	98
CESC-JX-A5QV-TP	chr11~120827433~+~HPV16~1191~+	chr11	120827433	BCL3::GRIK4	120815378	12055
CESC-JX-A5QV-TP	chr11~120819921~+~HPV16~2708~+	chr11	120819921	BCL3::GRIK4	120815378	4543
CESC-JX-A5QV-TP	HPV16~1191~+~chr11~120804742~+	chr11	120804742	BCL3::GRIK4	120815378	10636
CESC-JX-A5QV-TP	HPV16~227~+~chr11~120815377~+	chr11	120815377	BCL3::GRIK4	120815378	1
CESC-JX-A5QV-TP	chr11~120795593~+~HPV16~5638~+	chr11	120795593	BCL3::GRIK4	120815378	19785
CESC-JX-A5QV-TP	chr11~120827433~+~HPV16~3355~+	chr11	120827433	BCL3::GRIK4	120815378	12055
CESC-JX-A5QV-TP	chr11~120815478~+~HPV16~2705~+	chr11	120815478	BCL3::GRIK4	120815378	100
CESC-JX-A5QV-TP	chr19~44758807~+~HPV16~5643~+	chr19	44758807	BCL3::GRIK4	44758413	394
CESC-JX-A5QV-TP	chr19~44758064~+~HPV16~2341~-	chr19	44758064	BCL3::GRIK4	44758413	349
CESC-JX-A5QV-TP	chr11~120795836~+~HPV16~4739~+	chr11	120795836	BCL3::GRIK4	120815378	19542
CESC-JX-A5QV-TP	chr19~44760452~+~HPV16~7249~-	chr19	44760452	BCL3::GRIK4	44758413	2039
CESC-JX-A5QV-TP	HPV16~7702~+~chr19~44748726~+	chr19	44748726	BCL3::GRIK4	44749046	320
CESC-JX-A5QV-TP	chr19~44760455~+~HPV16~7128~+	chr19	44760455	BCL3::GRIK4	44758413	2042
CESC-JX-A5QV-TP	chr11~120795836~+~HPV16~4681~+	chr11	120795836	BCL3::GRIK4	120815378	19542
CESC-JX-A5QV-TP	chr11~120789177~+~HPV16~7125~-	chr11	120789177	BCL3::GRIK4	120815378	26201
CESC-JX-A5QV-TP	HPV16~560~+~chr11~120817093~+	chr11	120817093	BCL3::GRIK4	120815378	1715
CESC-JX-A5QV-TP	HPV16~3840~-~chr19~44760065~+	chr19	44760065	BCL3::GRIK4	44758413	1652
CESC-JX-A5QV-TP	chr11~120846836~+~HPV16~7597~-	chr11	120846836	BCL3::GRIK4	120815378	31458
CESC-JX-A5QV-TP	HPV16~7853~+~chr11~120814926~+	chr11	120814926	BCL3::GRIK4	120815378	452
CESC-JX-A5QV-TP	chr11~120821398~+~HPV16~5113~+	chr11	120821398	BCL3::GRIK4	120815378	6020
CESC-JX-A5QV-TP	HPV16~4947~+~chr11~120841246~+	chr11	120841246	BCL3::GRIK4	120815378	25868
CESC-JX-A5QV-TP	HPV16~3406~+~chr11~120837525~+	chr11	120837525	BCL3::GRIK4	120815378	22147
CESC-JX-A5QV-TP	chr11~120820465~+~HPV16~198~+	chr11	120820465	BCL3::GRIK4	120815378	5087
CESC-JX-A5QV-TP	chr11~120821793~+~HPV16~7769~-	chr11	120821793	BCL3::GRIK4	120815378	6415
CESC-JX-A5QV-TP	HPV16~405~-~chr11~120786798~+	chr11	120786798	BCL3::GRIK4	120815378	28580
CESC-JX-A5QV-TP	chr11~120825805~+~HPV16~7695~-	chr11	120825805	BCL3::GRIK4	120815378	10427
CESC-JX-A5QV-TP	HPV16~4892~-~chr11~120792923~+	chr11	120792923	BCL3::GRIK4	120815378	22455
CESC-JX-A5QV-TP	HPV16~1110~+~chr11~120815821~+	chr11	120815821	BCL3::GRIK4	120815378	443
CESC-Q1-A73P-TP	HPV18~930~+~chr1~1180033~+	chr1	1180033	TTLL10::CTAG1A	1185109	5076
CESC-Q1-A73P-TP	chr1~1183048~+~HPV18~3433~+	chr1	1183048	TTLL10::CTAG1A	1185109	2061
CESC-Q1-A73P-TP	chr1~1183050~+~HPV18~1134~+	chr1	1183050	TTLL10::CTAG1A	1185109	2059
CESC-Q1-A73P-TP	HPV18~971~+~chr1~1180536~+	chr1	1180536	TTLL10::CTAG1A	1185109	4573
CESC-Q1-A73P-TP	chr1~1179424~+~HPV18~6598~+	chr1	1179424	TTLL10::CTAG1A	1185109	5685
CESC-Q1-A73P-TP	HPV18~2420~+~chr1~1179436~+	chr1	1179436	TTLL10::CTAG1A	1185109	5673
CESC-Q1-A73P-TP	chr1~1182447~+~HPV18~3433~+	chr1	1182447	TTLL10::CTAG1A	1185109	2662
CESC-Q1-A73P-TP	HPV18~4035~+~chr1~1176229~+	chr1	1176229	TTLL10::CTAG1A	1185109	8880
CESC-Q1-A73P-TP	HPV18~933~+~chr1~1197102~+	chr1	1197102	TTLL10::CTAG1A	1185109	11993
CESC-Q1-A73P-TP	chr1~1179334~+~HPV18~23~+	chr1	1179334	TTLL10::CTAG1A	1185109	5775
CESC-Q1-A73P-TP	chr1~1185110~+~HPV18~2778~+	chr1	1185110	TTLL10::CTAG1A	1185109	1
CESC-Q1-A73P-TP	chr1~1182450~+~HPV18~1135~+	chr1	1182450	TTLL10::CTAG1A	1185109	2659
CESC-Q1-A73P-TP	chr1~1185110~+~HPV18~23~+	chr1	1185110	TTLL10::CTAG1A	1185109	1
CESC-Q1-A73P-TP	chr1~1183048~+~HPV18~2778~+	chr1	1183048	TTLL10::CTAG1A	1185109	2061
CESC-Q1-A73P-TP	chr1~1185527~+~HPV18~5664~+	chr1	1185527	TTLL10::CTAG1A	1185109	418
CESC-Q1-A73P-TP	chr1~1184092~+~HPV18~3431~+	chr1	1184092	TTLL10::CTAG1A	1185109	1017
CESC-Q1-A73P-TP	chr1~1184092~+~HPV18~21~+	chr1	1184092	TTLL10::CTAG1A	1185109	1017
CESC-Q1-A73P-TP	chr1~1180862~+~HPV18~3432~+	chr1	1180862	TTLL10::CTAG1A	1185109	4247
CESC-Q1-A73P-TP	chr1~1176417~+~HPV18~23~+	chr1	1176417	TTLL10::CTAG1A	1185109	8692
CESC-Q1-A73P-TP	HPV18~2422~+~chr1~1191180~+	chr1	1191180	TTLL10::CTAG1A	1185109	6071
CESC-Q1-A73P-TP	HPV18~978~+~chr1~1181316~+	chr1	1181316	TTLL10::CTAG1A	1185109	3793
CESC-Q1-A73P-TP	chr1~1180197~+~HPV18~921~-	chr1	1180197	TTLL10::CTAG1A	1185109	4912
CESC-Q1-A73P-TP	chr1~1179445~+~HPV18~6600~+	chr1	1179445	TTLL10::CTAG1A	1185109	5664
CESC-Q1-A73P-TP	chr1~1183306~+~HPV18~1134~+	chr1	1183306	TTLL10::CTAG1A	1185109	1803
CESC-Q1-A73P-TP	chr1~1184992~+~HPV18~3165~+	chr1	1184992	TTLL10::CTAG1A	1185109	117
CESC-Q1-A73P-TP	HPV18~6768~+~chrX~154586109~+	chrX	154586109	TTLL10::CTAG1A	154586526	417
CESC-Q1-A73P-TP	chrX~154618316~+~HPV18~6768~-	chrX	154618316	TTLL10::CTAG1A	154586526	31790
CESC-Q1-A73P-TP	HPV18~2422~+~chr1~1191168~+	chr1	1191168	TTLL10::CTAG1A	1185109	6059
CESC-Q1-A73P-TP	HPV18~1436~+~chr1~1178912~+	chr1	1178912	TTLL10::CTAG1A	1185109	6197
CESC-Q1-A73P-TP	chrX~154618840~+~HPV18~1740~-	chrX	154618840	TTLL10::CTAG1A	154586526	32314
HNSC-CR-6487-TP	chr9~129095613~+~HPV16~881~-	chr9	129095613	TSC1::DOLPP1	129086709	8904
HNSC-CR-6487-TP	chr9~129093804~+~HPV16~2708~-	chr9	129093804	TSC1::DOLPP1	129086709	7095
HNSC-CR-6487-TP	chr9~129094316~+~HPV16~2515~-	chr9	129094316	TSC1::DOLPP1	129086709	7607
HNSC-CR-6487-TP	HPV16~7822~-~chr9~129094146~+	chr9	129094146	TSC1::DOLPP1	129086709	7437
HNSC-CR-6487-TP	HPV16~0~-~chr9~129094143~+	chr9	129094143	TSC1::DOLPP1	129086709	7434
HNSC-CR-6487-TP	chr9~129098651~+~HPV16~881~-	chr9	129098651	TSC1::DOLPP1	129086709	11942
HNSC-CN-4741-TP	HPV16~3357~-~chr11~76380747~+	chr11	76380747	PRKRIR::RP11-111M22.2	76403660	22913
HNSC-CN-4741-TP	HPV16~408~-~chr11~76380747~+	chr11	76380747	PRKRIR::RP11-111M22.2	76403660	22913
HNSC-CN-4741-TP	chr11~76385176~+~HPV16~5811~-	chr11	76385176	PRKRIR::RP11-111M22.2	76403660	18484
HNSC-CN-4741-TP	HPV16~2419~-~chr11~76376505~+	chr11	76376505	RP11-111M22.2::PRKRIR	76355654	20851
HNSC-CN-4741-TP	HPV16~2096~-~chr11~76371960~+	chr11	76371960	RP11-111M22.2::PRKRIR	76355654	16306
CESC-C5-A2LX-TP	HPV16~578~+~chr17~39829386~+	chr17	39829386	ERBB2::IKZF3	39829488	102
CESC-C5-A2LX-TP	chr17~39716606~+~HPV16~934~-	chr17	39716606	ERBB2::IKZF3	39716605	1
CESC-C5-A2LX-TP	chr17~39834836~+~HPV16~5807~+	chr17	39834836	ERBB2::IKZF3	39829488	5348
CESC-C5-A2LX-TP	HPV16~1683~+~chr17~39823387~+	chr17	39823387	ERBB2::IKZF3	39829488	6101
CESC-C5-A2LX-TP	HPV16~4497~+~chr17~39835492~+	chr17	39835492	ERBB2::IKZF3	39829488	6004
CESC-C5-A2LX-TP	HPV16~1677~+~chr17~39823377~+	chr17	39823377	ERBB2::IKZF3	39829488	6111
CESC-C5-A2LX-TP	HPV16~4499~+~chr17~39835494~+	chr17	39835494	ERBB2::IKZF3	39829488	6006
CESC-C5-A2LX-TP	chr17~39768543~+~HPV16~2624~-	chr17	39768543	ERBB2::IKZF3	39716605	51938
CESC-C5-A2LX-TP	chr17~39805828~+~HPV16~1633~+	chr17	39805828	ERBB2::IKZF3	39829488	23660
CESC-C5-A2LX-TP	chr17~39854716~+~HPV16~1676~-	chr17	39854716	ERBB2::IKZF3	39829488	25228
CESC-C5-A2LX-TP	HPV16~4686~-~chr17~39783756~+	chr17	39783756	ERBB2::IKZF3	39829488	45732
CESC-C5-A2LX-TP	HPV16~7577~-~chr17~39837921~+	chr17	39837921	ERBB2::IKZF3	39829488	8433
CESC-C5-A2LX-TP	chr17~39825822~+~HPV16~3561~-	chr17	39825822	ERBB2::IKZF3	39829488	3666
CESC-C5-A2LX-TP	chr17~39782245~+~HPV16~7371~+	chr17	39782245	ERBB2::IKZF3	39829488	47243
CESC-C5-A2LX-TP	chr17~39829023~+~HPV16~1402~-	chr17	39829023	ERBB2::IKZF3	39829488	465
CESC-C5-A2LX-TP	chr17~39788279~+~HPV16~3717~+	chr17	39788279	ERBB2::IKZF3	39829488	41209
CESC-C5-A2LX-TP	HPV16~7715~-~chr17~39851477~+	chr17	39851477	ERBB2::IKZF3	39829488	21989
CESC-C5-A2LX-TP	HPV16~325~+~chr17~39830070~+	chr17	39830070	ERBB2::IKZF3	39829488	582
CESC-VS-A8QC-TP	HPV16~881~+~chr4~86734302~+	chr4	86734302	PTPN13::C4orf36	86735746	1444
CESC-VS-A8QC-TP	chr4~86734876~+~HPV16~408~+	chr4	86734876	PTPN13::C4orf36	86735746	870
CESC-VS-A8QC-TP	HPV16~227~+~chr4~86734302~+	chr4	86734302	PTPN13::C4orf36	86735746	1444
CESC-VS-A8QC-TP	HPV16~884~+~chr4~86735591~+	chr4	86735591	PTPN13::C4orf36	86735746	155
CESC-VS-A8QC-TP	chr4~86735594~+~HPV16~5996~+	chr4	86735594	PTPN13::C4orf36	86735746	152
CESC-WL-A834-TP	chr4~1808491~+~HPV16~377~-	chr4	1808491	FGFR3::TACC3	1806934	1557
CESC-WL-A834-TP	HPV16~5252~-~chr4~1711212~+	chr4	1711212	SLBP::TACC3	1711874	662
CESC-WL-A834-TP	HPV16~3475~-~chr4~1735575~+	chr4	1735575	SLBP::TACC3	1735731	156
CESC-WL-A834-TP	HPV16~3478~-~chr4~1735572~+	chr4	1735572	SLBP::TACC3	1735731	159
CESC-WL-A834-TP	HPV16~6663~-~chr4~1806740~+	chr4	1806740	FGFR3::TACC3	1806934	194
CESC-WL-A834-TP	chr4~1734318~+~HPV16~6276~-	chr4	1734318	SLBP::TACC3	1735731	1413
CESC-WL-A834-TP	HPV16~278~-~chr4~1735562~+	chr4	1735562	SLBP::TACC3	1735731	169
CESC-WL-A834-TP	HPV16~7507~+~chr11~32648816~+	chr11	32648816	PRRG4::EIF3M	32600689	48127
CESC-WL-A834-TP	chr1~77705848~+~HPV16~6316~+	chr1	77705848	ZZZ3::USP33	77701471	4377
CESC-WL-A834-TP	chr11~32648772~+~HPV16~1373~+	chr11	32648772	PRRG4::EIF3M	32600689	48083
CESC-WL-A834-TP	HPV16~1555~+~chr1~77598445~+	chr1	77598445	ZZZ3::USP33	77631850	33405
CESC-WL-A834-TP	chr1~77707550~+~HPV16~238~-	chr1	77707550	ZZZ3::USP33	77701471	6079
CESC-WL-A834-TP	HPV16~2424~+~chr1~77705854~+	chr1	77705854	ZZZ3::USP33	77701471	4383
CESC-WL-A834-TP	chr1~77599198~+~HPV16~3092~+	chr1	77599198	ZZZ3::USP33	77631850	32652
CESC-WL-A834-TP	HPV16~1018~-~chr1~77614832~+	chr1	77614832	ZZZ3::USP33	77631850	17018
CESC-WL-A834-TP	chr11~32882963~+~HPV16~7168~-	chr11	32882963	PRRG4::EIF3M	32840239	42724
CESC-WL-A834-TP	HPV16~6101~+~chr11~32548394~+	chr11	32548394	PRRG4::EIF3M	32600689	52295
CESC-WL-A834-TP	HPV16~7022~+~chr1~77677030~+	chr1	77677030	ZZZ3::USP33	77682585	5555
CESC-WL-A834-TP	HPV16~3794~-~chr1~77687020~+	chr1	77687020	ZZZ3::USP33	77683262	3758
CESC-EA-A439-TP	HPV18~4013~-~chr1~3654435~+	chr1	3654435	ASAP3::RP5-1092A11.5	3662265	7830
CESC-EA-A439-TP	chr1~3659163~+~HPV18~930~-	chr1	3659163	ASAP3::RP5-1092A11.5	3662265	3102
CESC-EA-A439-TP	chr1~3657430~+~HPV18~930~-	chr1	3657430	ASAP3::RP5-1092A11.5	3662265	4835
CESC-EA-A439-TP	chr1~3654424~+~HPV18~2418~-	chr1	3654424	ASAP3::RP5-1092A11.5	3662265	7841
CESC-EA-A439-TP	chr1~3654692~+~HPV18~930~-	chr1	3654692	ASAP3::RP5-1092A11.5	3662265	7573
CESC-EA-A439-TP	chr1~3647561~+~HPV18~930~-	chr1	3647561	ASAP3::RP5-1092A11.5	3662265	14704
CESC-EA-A439-TP	chr1~3659431~+~HPV18~234~-	chr1	3659431	ASAP3::RP5-1092A11.5	3662265	2834
CESC-EA-A439-TP	chr1~3669168~+~HPV18~978~-	chr1	3669168	ASAP3::RP5-1092A11.5	3668681	487
CESC-EA-A439-TP	chr1~3654692~+~HPV18~234~-	chr1	3654692	ASAP3::RP5-1092A11.5	3662265	7573
CESC-EA-A439-TP	HPV18~6745~-~chr1~3666576~+	chr1	3666576	RP5-1092A11.5::ASAP3	3668625	2049
CESC-EA-A439-TP	chr1~3652642~+~HPV18~978~-	chr1	3652642	ASAP3::RP5-1092A11.5	3662265	9623
CESC-EA-A439-TP	chr1~3657393~+~HPV18~3531~-	chr1	3657393	ASAP3::RP5-1092A11.5	3662265	4872
CESC-EA-A439-TP	HPV18~5822~-~chr1~23481515~+	chr1	23481515	ASAP3::RP5-1092A11.5	23484005	2490
CESC-EA-A439-TP	HPV18~3433~-~chr1~3668624~+	chr1	3668624	RP5-1092A11.5::ASAP3	3668625	1
CESC-EA-A439-TP	HPV18~3433~-~chr1~23484004~+	chr1	23484004	ASAP3::RP5-1092A11.5	23484005	1
CESC-EA-A439-TP	chr1~3652642~+~HPV18~3433~+	chr1	3652642	ASAP3::RP5-1092A11.5	3662265	9623
CESC-EA-A439-TP	chr1~3659297~+~HPV18~639~+	chr1	3659297	ASAP3::RP5-1092A11.5	3662265	2968
CESC-EA-A439-TP	HPV18~23~-~chr1~3668624~+	chr1	3668624	RP5-1092A11.5::ASAP3	3668625	1
CESC-EA-A439-TP	chr1~3646786~+~HPV18~1343~-	chr1	3646786	ASAP3::RP5-1092A11.5	3662265	15479
CESC-EA-A439-TP	chr1~3657431~+~HPV18~825~+	chr1	3657431	ASAP3::RP5-1092A11.5	3662265	4834
CESC-EA-A439-TP	HPV18~415~-~chr1~23484004~+	chr1	23484004	ASAP3::RP5-1092A11.5	23484005	1
CESC-EA-A439-TP	HPV18~2778~-~chr1~23484004~+	chr1	23484004	ASAP3::RP5-1092A11.5	23484005	1
CESC-EA-A439-TP	HPV18~879~-~chr1~3659107~+	chr1	3659107	ASAP3::RP5-1092A11.5	3662265	3158
CESC-EA-A439-TP	chr1~3659265~+~HPV18~1373~-	chr1	3659265	ASAP3::RP5-1092A11.5	3662265	3000
CESC-EA-A439-TP	chr1~3659297~+~HPV18~657~-	chr1	3659297	ASAP3::RP5-1092A11.5	3662265	2968
CESC-EA-A439-TP	HPV18~4015~-~chr1~3654425~+	chr1	3654425	ASAP3::RP5-1092A11.5	3662265	7840
CESC-EA-A439-TP	chr1~3671364~+~HPV18~4057~-	chr1	3671364	ASAP3::RP5-1092A11.5	3668681	2683
CESC-EA-A439-TP	chr1~3654426~+~HPV18~2416~-	chr1	3654426	ASAP3::RP5-1092A11.5	3662265	7839
CESC-EA-A439-TP	chr1~23481503~+~HPV18~7426~-	chr1	23481503	ASAP3::RP5-1092A11.5	23484005	2502
CESC-EA-A439-TP	chr1~3664094~+~HPV18~147~-	chr1	3664094	ASAP3::RP5-1092A11.5	3662265	1829
CESC-EA-A439-TP	HPV18~5801~-~chr1~23481518~+	chr1	23481518	ASAP3::RP5-1092A11.5	23484005	2487
CESC-EA-A439-TP	HPV18~1006~-~chr1~3659635~+	chr1	3659635	ASAP3::RP5-1092A11.5	3662265	2630
CESC-EA-A439-TP	HPV18~6930~+~chr1~3655068~+	chr1	3655068	ASAP3::RP5-1092A11.5	3662265	7197
CESC-EA-A439-TP	chr1~3656623~+~HPV18~4574~-	chr1	3656623	ASAP3::RP5-1092A11.5	3662265	5642
CESC-EA-A439-TP	HPV18~4516~-~chr1~3655673~+	chr1	3655673	ASAP3::RP5-1092A11.5	3662265	6592
CESC-EA-A439-TP	chr1~3663037~+~HPV18~1034~-	chr1	3663037	ASAP3::RP5-1092A11.5	3662265	772
CESC-EA-A439-TP	chr1~3658121~+~HPV18~5976~-	chr1	3658121	ASAP3::RP5-1092A11.5	3662265	4144
CESC-EA-A439-TP	chr1~3658645~+~HPV18~5158~-	chr1	3658645	ASAP3::RP5-1092A11.5	3662265	3620
CESC-EA-A439-TP	chr1~3655631~+~HPV18~5147~-	chr1	3655631	ASAP3::RP5-1092A11.5	3662265	6634
CESC-EA-A439-TP	chr1~3662903~+~HPV18~6375~+	chr1	3662903	ASAP3::RP5-1092A11.5	3662265	638
CESC-EA-A439-TP	HPV18~4165~-~chr1~3657339~+	chr1	3657339	ASAP3::RP5-1092A11.5	3662265	4926
CESC-EA-A439-TP	HPV18~5623~-~chr1~3658177~+	chr1	3658177	ASAP3::RP5-1092A11.5	3662265	4088
CESC-EA-A439-TP	HPV18~7290~-~chr1~3675371~+	chr1	3675371	ASAP3::RP5-1092A11.5	3668681	6690
CESC-EA-A439-TP	HPV18~5626~+~chr1~3656957~+	chr1	3656957	ASAP3::RP5-1092A11.5	3662265	5308
CESC-EA-A439-TP	chr1~3657195~+~HPV18~6031~-	chr1	3657195	ASAP3::RP5-1092A11.5	3662265	5070
CESC-EA-A439-TP	HPV18~4879~+~chr1~3658754~+	chr1	3658754	ASAP3::RP5-1092A11.5	3662265	3511
CESC-EA-A439-TP	chr1~3659072~+~HPV18~7183~-	chr1	3659072	ASAP3::RP5-1092A11.5	3662265	3193
CESC-EA-A439-TP	HPV18~600~-~chr1~3655000~+	chr1	3655000	ASAP3::RP5-1092A11.5	3662265	7265
CESC-EA-A439-TP	chr1~3655656~+~HPV18~161~-	chr1	3655656	ASAP3::RP5-1092A11.5	3662265	6609
CESC-EA-A439-TP	chr1~3675340~+~HPV18~317~-	chr1	3675340	ASAP3::RP5-1092A11.5	3668681	6659
CESC-EA-A439-TP	HPV18~4918~-~chr1~3658652~+	chr1	3658652	ASAP3::RP5-1092A11.5	3662265	3613
CESC-EA-A439-TP	HPV18~6639~-~chr1~3658111~+	chr1	3658111	ASAP3::RP5-1092A11.5	3662265	4154
CESC-EA-A439-TP	chr1~3657050~+~HPV18~5122~-	chr1	3657050	ASAP3::RP5-1092A11.5	3662265	5215
CESC-EA-A439-TP	HPV18~713~-~chr1~3659047~+	chr1	3659047	ASAP3::RP5-1092A11.5	3662265	3218
HNSC-CR-6467-TP	chr12~52520206~+~HPV33~3351~+	chr12	52520206	KRT5::KRT8	52517590	2616
CESC-C5-A7X5-TP	chr4~68854031~+~HPV35~884~-	chr4	68854031	VPS4B::RP11-468N14.4	68861608	7577
CESC-C5-A7X5-TP	chr4~68856078~+~HPV35~2292~-	chr4	68856078	VPS4B::RP11-468N14.4	68861608	5530
CESC-C5-A7X5-TP	chr4~68854031~+~HPV35~233~-	chr4	68854031	VPS4B::RP11-468N14.4	68861608	7577
CESC-C5-A7X5-TP	HPV35~2613~-~chr4~68849741~+	chr4	68849741	VPS4B::RP11-468N14.4	68861608	11867
CESC-LP-A7HU-TP	chr8~127797040~+~HPV16~594~-	chr8	127797040	PVT1::MYC	127794734	2306
CESC-LP-A7HU-TP	HPV16~4054~+~chr20~31695640~+	chr20	31695640	NCEH1::BCL2L1	31666086	29554
CESC-LP-A7HU-TP	chr8~127796073~+~HPV16~594~-	chr8	127796073	PVT1::MYC	127794734	1339
CESC-LP-A7HU-TP	HPV16~5048~-~chr8~127672734~+	chr8	127672734	PVT1::MYC	127738248	65514
CESC-LP-A7HU-TP	chr8~127899518~+~HPV16~5118~+	chr8	127899518	PVT1::MYC	127855319	44199
CESC-LP-A7HU-TP	chr8~127890999~+~HPV16~3369~+	chr8	127890999	PVT1::MYC	127855319	35680
CESC-LP-A7HU-TP	chr8~127794735~+~HPV16~3357~+	chr8	127794735	PVT1::MYC	127794734	1
CESC-LP-A7HU-TP	chr8~127796058~+~HPV16~3355~+	chr8	127796058	PVT1::MYC	127794734	1324
CESC-LP-A7HU-TP	chr8~127796072~+~HPV16~741~+	chr8	127796072	PVT1::MYC	127794734	1338
CESC-LP-A7HU-TP	HPV16~5638~-~chr8~127674469~+	chr8	127674469	PVT1::MYC	127738248	63779
CESC-LP-A7HU-TP	chr8~127736624~+~HPV16~3357~+	chr8	127736624	PVT1::MYC	127738248	1624
CESC-LP-A7HU-TP	HPV16~4053~+~chr20~31695639~+	chr20	31695639	NCEH1::BCL2L1	31666086	29553
CESC-LP-A7HU-TP	chr8~127681877~+~HPV16~4813~-	chr8	127681877	PVT1::MYC	127738248	56371
CESC-LP-A7HU-TP	chr8~127673265~+~HPV16~2474~-	chr8	127673265	PVT1::MYC	127738248	64983
CESC-LP-A7HU-TP	chr8~127876240~+~HPV16~7779~-	chr8	127876240	PVT1::MYC	127855319	20921
CESC-LP-A7HU-TP	HPV16~5612~-~chr8~127794796~+	chr8	127794796	PVT1::MYC	127794734	62
CESC-LP-A7HU-TP	HPV16~2318~+~chr20~31679017~+	chr20	31679017	NCEH1::BCL2L1	31666086	12931
CESC-LP-A7HU-TP	chr20~31675758~+~HPV16~5693~-	chr20	31675758	NCEH1::BCL2L1	31666086	9672
CESC-LP-A7HU-TP	HPV16~4503~+~chr8~127678951~+	chr8	127678951	PVT1::MYC	127738248	59297
CESC-LP-A7HU-TP	chr8~127674113~+~HPV16~1529~+	chr8	127674113	PVT1::MYC	127738248	64135
CESC-LP-A7HU-TP	chr8~127678834~+~HPV16~5406~+	chr8	127678834	PVT1::MYC	127738248	59414
CESC-LP-A7HU-TP	HPV16~7602~-~chr8~127899056~+	chr8	127899056	PVT1::MYC	127855319	43737
CESC-LP-A7HU-TP	HPV16~6559~+~chr8~127901455~+	chr8	127901455	PVT1::MYC	127855319	46136
CESC-LP-A7HU-TP	chr8~127744430~+~HPV16~1320~-	chr8	127744430	PVT1::MYC	127740396	4034
CESC-LP-A7HU-TP	HPV16~3426~+~chr20~31685830~+	chr20	31685830	NCEH1::BCL2L1	31666086	19744
CESC-LP-A7HU-TP	chr8~127904975~+~HPV16~1275~-	chr8	127904975	PVT1::MYC	127855319	49656
CESC-LP-A7HU-TP	HPV16~5118~-~chr8~127849348~+	chr8	127849348	PVT1::MYC	127855319	5971
CESC-LP-A7HU-TP	chr8~127769757~+~HPV16~6102~-	chr8	127769757	PVT1::MYC	127794734	24977
CESC-LP-A7HU-TP	HPV16~3494~+~chr8~127906289~+	chr8	127906289	PVT1::MYC	127855319	50970
CESC-LP-A7HU-TP	HPV16~5342~-~chr20~31668576~+	chr20	31668576	NCEH1::BCL2L1	31666086	2490
CESC-LP-A7HU-TP	HPV16~2184~+~chr8~127678702~+	chr8	127678702	PVT1::MYC	127738248	59546
CESC-LP-A7HU-TP	chr8~127780641~+~HPV16~469~-	chr8	127780641	PVT1::MYC	127794734	14093
CESC-LP-A7HU-TP	chr8~127673816~+~HPV16~5933~+	chr8	127673816	PVT1::MYC	127738248	64432
CESC-LP-A7HU-TP	chr8~127795787~+~HPV16~1233~-	chr8	127795787	PVT1::MYC	127794734	1053
CESC-LP-A7HU-TP	chr8~127675619~+~HPV16~2235~-	chr8	127675619	PVT1::MYC	127738248	62629
CESC-LP-A7HU-TP	HPV16~2816~-~chr20~31674893~+	chr20	31674893	NCEH1::BCL2L1	31666086	8807
CESC-LP-A7HU-TP	HPV16~7576~-~chr8~127791044~+	chr8	127791044	PVT1::MYC	127794734	3690
CESC-C5-A1MQ-TP	chr11~748395~+~HPV18~3768~+	chr11	748395	TALDO1::EPS8L2	747578	817
CESC-C5-A1MQ-TP	HPV18~930~+~chr11~747145~+	chr11	747145	TALDO1::EPS8L2	747578	433
CESC-C5-A1MQ-TP	chr11~747579~+~HPV18~3433~+	chr11	747579	TALDO1::EPS8L2	747578	1
CESC-C5-A1MQ-TP	chr11~751274~+~HPV18~7609~+	chr11	751274	TALDO1::EPS8L2	747578	3696
CESC-C5-A1MQ-TP	HPV18~1723~+~chr11~747142~+	chr11	747142	TALDO1::EPS8L2	747578	436
CESC-C5-A1MQ-TP	chr11~747579~+~HPV18~2778~+	chr11	747579	TALDO1::EPS8L2	747578	1
CESC-C5-A1MQ-TP	chr11~747579~+~HPV18~415~+	chr11	747579	TALDO1::EPS8L2	747578	1
HNSC-HD-A634-TP	HPV16~5374~+~chr2~156325698~+	chr2	156325698	GPD2::NR4A2	156326000	302
HNSC-HD-A634-TP	chr2~156476208~+~HPV16~3357~+	chr2	156476208	GPD2::NR4A2	156476207	1
HNSC-HD-A634-TP	chr2~156485796~+~HPV16~881~-	chr2	156485796	GPD2::NR4A2	156476207	9589
HNSC-HD-A634-TP	chr2~156483719~+~HPV16~881~-	chr2	156483719	GPD2::NR4A2	156476207	7512
HNSC-HD-A634-TP	chr2~156329705~+~HPV16~3357~+	chr2	156329705	NR4A2::GPD2	156330668	963
HNSC-HD-A634-TP	chr2~156491262~+~HPV16~881~-	chr2	156491262	GPD2::NR4A2	156476207	15055
HNSC-HD-A634-TP	chr2~156492017~+~HPV16~881~-	chr2	156492017	GPD2::NR4A2	156476207	15810
HNSC-HD-A634-TP	chr2~156490379~+~HPV16~881~-	chr2	156490379	GPD2::NR4A2	156476207	14172
HNSC-HD-A634-TP	chr2~156492428~+~HPV16~1747~-	chr2	156492428	GPD2::NR4A2	156476207	16221
HNSC-HD-A634-TP	chr2~156476208~+~HPV16~578~-	chr2	156476208	GPD2::NR4A2	156476207	1
HNSC-HD-A634-TP	chr2~156435806~+~HPV16~3359~+	chr2	156435806	NR4A2::GPD2	156476098	40292
HNSC-HD-A634-TP	chr2~156329352~+~HPV16~578~-	chr2	156329352	NR4A2::GPD2	156330668	1316
HNSC-HD-A634-TP	HPV16~3633~+~chr2~156476097~+	chr2	156476097	NR4A2::GPD2	156476098	1
HNSC-HD-A634-TP	chr2~156482296~+~HPV16~869~-	chr2	156482296	GPD2::NR4A2	156476207	6089
HNSC-HD-A634-TP	HPV16~5373~+~chr2~156325697~+	chr2	156325697	GPD2::NR4A2	156326000	303
CESC-VS-A8EI-TP	HPV16~1637~+~chr2~200535677~+	chr2	200535677	SGOL2::AOX3P	200542664	6987
CESC-VS-A8EI-TP	HPV16~4114~-~chr2~200449661~+	chr2	200449661	SGOL2::AOX3P	200542664	93003
CESC-VS-A8EI-TP	chr2~200507092~+~HPV16~831~-	chr2	200507092	SGOL2::AOX3P	200542664	35572
CESC-VS-A8EI-TP	chr2~200499085~+~HPV16~227~-	chr2	200499085	SGOL2::AOX3P	200542664	43579
CESC-VS-A8EI-TP	HPV16~4109~-~chr2~200449666~+	chr2	200449666	SGOL2::AOX3P	200542664	92998
CESC-VS-A8EI-TP	chr2~200492342~+~HPV16~1510~-	chr2	200492342	SGOL2::AOX3P	200542664	50322
CESC-JW-A5VL-TP	chr16~88696794~+~HPV16~881~-	chr16	88696794	CYBA::SNAI3-AS1	88671277	25517
CESC-JW-A5VL-TP	chr16~88696923~+~HPV16~1545~-	chr16	88696923	CYBA::SNAI3-AS1	88671277	25646
CESC-JW-A5VL-TP	HPV16~1715~-~chr16~88696925~+	chr16	88696925	CYBA::SNAI3-AS1	88671277	25648
CESC-JW-A5VL-TP	HPV16~3357~-~chr16~88697133~+	chr16	88697133	CYBA::SNAI3-AS1	88671277	25856
CESC-JW-A5VL-TP	HPV16~1712~-~chr16~88694082~+	chr16	88694082	CYBA::SNAI3-AS1	88671277	22805
CESC-JW-A5VL-TP	HPV16~889~+~chr16~88696541~+	chr16	88696541	CYBA::SNAI3-AS1	88671277	25264
CESC-JW-A5VL-TP	chr16~88693665~+~HPV16~3360~+	chr16	88693665	CYBA::SNAI3-AS1	88671277	22388
CESC-JW-A5VL-TP	chr16~88695854~+~HPV16~855~-	chr16	88695854	CYBA::SNAI3-AS1	88671277	24577
CESC-JW-A5VL-TP	chr16~88696717~+~HPV16~657~+	chr16	88696717	CYBA::SNAI3-AS1	88671277	25440
CESC-JW-A5VL-TP	HPV16~856~-~chr16~88696646~+	chr16	88696646	CYBA::SNAI3-AS1	88671277	25369
CESC-JW-A5VL-TP	chr16~88696920~+~HPV16~1548~-	chr16	88696920	CYBA::SNAI3-AS1	88671277	25643
CESC-LP-A5U3-TP	HPV16~881~+~chr17~39706989~+	chr17	39706989	GRB7::ERBB2	39706990	1
CESC-LP-A5U3-TP	HPV16~881~+~chr17~39742251~+	chr17	39742251	GRB7::ERBB2	39742415	164
CESC-LP-A5U3-TP	chr17~39730258~+~HPV16~5350~+	chr17	39730258	GRB7::ERBB2	39723538	6720
CESC-LP-A5U3-TP	HPV16~213~+~chr17~39708317~+	chr17	39708317	GRB7::ERBB2	39706990	1327
CESC-LP-A5U3-TP	HPV16~882~+~chr17~39723530~+	chr17	39723530	GRB7::ERBB2	39723538	8
CESC-LP-A5U3-TP	HPV16~227~+~chr17~39706989~+	chr17	39706989	GRB7::ERBB2	39706990	1
CESC-LP-A5U3-TP	HPV16~5422~+~chr17~39730386~+	chr17	39730386	GRB7::ERBB2	39723538	6848
CESC-LP-A5U3-TP	HPV16~864~+~chr17~39735388~+	chr17	39735388	GRB7::ERBB2	39740907	5519
CESC-LP-A5U3-TP	HPV16~753~-~chr17~39706986~+	chr17	39706986	GRB7::ERBB2	39706990	4
CESC-LP-A5U3-TP	HPV16~881~+~chr17~39707923~+	chr17	39707923	GRB7::ERBB2	39706990	933
CESC-LP-A5U3-TP	HPV16~227~+~chr17~39742248~+	chr17	39742248	GRB7::ERBB2	39742415	167
CESC-LP-A5U3-TP	chr17~39730257~+~HPV16~5349~+	chr17	39730257	GRB7::ERBB2	39723538	6719
CESC-LP-A5U3-TP	HPV16~1165~+~chr17~39740465~+	chr17	39740465	GRB7::ERBB2	39740907	442
CESC-LP-A5U3-TP	HPV16~1845~+~chr17~39730306~+	chr17	39730306	GRB7::ERBB2	39723538	6768
HNSC-BA-A4IH-TP	chr9~99955160~+~HPV16~881~-	chr9	99955160	STX17::NR4A3	99928843	26317
HNSC-BA-A4IH-TP	chr9~99958097~+~HPV16~1814~-	chr9	99958097	STX17::NR4A3	99928843	29254
HNSC-BA-A4IH-TP	HPV16~1453~-~chr9~99952156~+	chr9	99952156	STX17::NR4A3	99928843	23313
HNSC-BA-A4IH-TP	chr9~99951286~+~HPV16~2708~+	chr9	99951286	STX17::NR4A3	99928843	22443
HNSC-BA-A4IH-TP	chr9~99951286~+~HPV16~932~-	chr9	99951286	STX17::NR4A3	99928843	22443
HNSC-BA-A4IH-TP	chr9~99928842~+~HPV16~3406~+	chr9	99928842	STX17::NR4A3	99928843	1
HNSC-BA-A4IH-TP	HPV16~3912~-~chr9~99902566~+	chr9	99902566	STX17::NR4A3	99928843	26277
HNSC-BA-A4IH-TP	HPV16~65~-~chr9~99906614~+	chr9	99906614	STX17::NR4A3	99928843	22229
CESC-C5-A1M9-TP	chr17~39717481~+~HPV16~578~-	chr17	39717481	GRB7::ERBB2	39693261	24220
CESC-C5-A1M9-TP	chr17~39718105~+~HPV16~3753~-	chr17	39718105	GRB7::ERBB2	39693261	24844
CESC-C5-A1M9-TP	chr17~39716607~+~HPV16~578~-	chr17	39716607	GRB7::ERBB2	39693261	23346
CESC-C5-A1M9-TP	HPV16~5491~-~chr17~39718113~+	chr17	39718113	GRB7::ERBB2	39693261	24852
HNSC-BB-4225-TP	chr12~52519973~+~HPV33~3366~+	chr12	52519973	KRT5::KRT8	52517590	2383
LIHC-DD-AADF-TP	NC_003977_3182nt_Hepatitis_B_virus~1588~-~chr19~44908947~+	chr19	44908947	APOE::CALR	44907952	995
CESC-DS-A7WF-TP	chr17~39702246~+~HPV16~115~-	chr17	39702246	ERBB2::NEUROD2	39700311	1935
CESC-DS-A7WF-TP	HPV16~6793~-~chr17~39702266~+	chr17	39702266	ERBB2::NEUROD2	39700311	1955
CESC-DS-A7WF-TP	chr17~39695167~+~HPV16~934~-	chr17	39695167	ERBB2::NEUROD2	39695181	14
CESC-DS-A7WF-TP	HPV16~6793~-~chr17~39702264~+	chr17	39702264	ERBB2::NEUROD2	39700311	1953
CESC-DS-A7WF-TP	chr17~39702245~+~HPV16~116~-	chr17	39702245	ERBB2::NEUROD2	39700311	1934
CESC-DS-A7WF-TP	chr17~39702251~+~HPV16~7907~-	chr17	39702251	ERBB2::NEUROD2	39700311	1940
CESC-DS-A7WF-TP	chr17~39562967~+~HPV16~7097~+	chr17	39562967	ERBB2::NEUROD2	39606604	43637
CESC-EK-A2PG-TP	HPV58~3354~-~chr3~52238991~+	chr3	52238991	TWF2::WDR82	52238992	1
CESC-EK-A2PG-TP	chr11~93679547~+~HPV58~3364~+	chr11	93679547	CEP295::SMCO4	93667807	11740
CESC-EK-A2PG-TP	HPV58~6637~+~chr3~52254299~+	chr3	52254299	TWF2::WDR82	52257519	3220
CESC-EK-A2PG-TP	HPV58~2513~+~chr3~52250075~+	chr3	52250075	TWF2::WDR82	52257519	7444
CESC-EK-A2PG-TP	HPV58~4415~+~chr3~52271316~+	chr3	52271316	TWF2::WDR82	52260501	10815
CESC-EK-A2PG-TP	chr3~52261183~+~HPV58~3923~+	chr3	52261183	TWF2::WDR82	52260501	682
CESC-EK-A2PG-TP	HPV58~4381~+~chr3~52228508~+	chr3	52228508	TWF2::WDR82	52238992	10484
CESC-EK-A2PG-TP	chr3~52258507~+~HPV58~4068~+	chr3	52258507	TWF2::WDR82	52257519	988
CESC-EK-A2PG-TP	HPV58~592~+~chr11~93468348~+	chr11	93468348	CEP295::SMCO4	93479269	10921
CESC-EK-A2PG-TP	HPV58~2663~-~chr3~52246237~+	chr3	52246237	TWF2::WDR82	52238992	7245
CESC-EK-A2PG-TP	HPV58~576~-~chr11~93651696~+	chr11	93651696	CEP295::SMCO4	93667807	16111
CESC-EK-A2PG-TP	HPV58~1325~-~chr3~52236783~+	chr3	52236783	TWF2::WDR82	52238992	2209
CESC-EK-A2PG-TP	HPV58~1307~+~chr3~52255276~+	chr3	52255276	TWF2::WDR82	52257519	2243
CESC-EK-A2PG-TP	chr3~52257591~+~HPV58~6538~+	chr3	52257591	TWF2::WDR82	52257519	72
CESC-EK-A2PG-TP	chr3~52259377~+~HPV58~456~-	chr3	52259377	TWF2::WDR82	52260501	1124
CESC-EK-A2PG-TP	HPV58~1659~+~chr3~52241771~+	chr3	52241771	TWF2::WDR82	52238992	2779
CESC-EK-A2PG-TP	chr3~52230445~+~HPV58~6522~+	chr3	52230445	TWF2::WDR82	52238992	8547
CESC-EK-A2PG-TP	HPV58~4837~+~chr3~52231179~+	chr3	52231179	TWF2::WDR82	52238992	7813
CESC-EK-A2PG-TP	HPV58~2922~+~chr3~52185165~+	chr3	52185165	TWF2::WDR82	52238992	53827
CESC-EK-A2PG-TP	HPV58~1221~+~chr3~52251986~+	chr3	52251986	TWF2::WDR82	52257519	5533
CESC-EK-A2PG-TP	HPV58~3030~-~chr3~52248283~+	chr3	52248283	TWF2::WDR82	52257519	9236
CESC-EK-A2PG-TP	chr11~93683522~+~HPV58~2047~+	chr11	93683522	CEP295::SMCO4	93667807	15715
CESC-EK-A2PG-TP	HPV58~467~+~chr3~52256389~+	chr3	52256389	TWF2::WDR82	52257519	1130
CESC-EK-A2PG-TP	HPV58~2895~-~chr3~52187884~+	chr3	52187884	TWF2::WDR82	52238992	51108
CESC-EK-A2PG-TP	chr3~52209107~+~HPV58~5349~+	chr3	52209107	TWF2::WDR82	52238992	29885
CESC-EK-A2PG-TP	HPV58~520~-~chr3~52206317~+	chr3	52206317	TWF2::WDR82	52238992	32675
CESC-EK-A2PG-TP	chr11~93732970~+~HPV58~2238~+	chr11	93732970	CEP295::SMCO4	93667807	65163
CESC-EK-A2PG-TP	chr3~52253445~+~HPV58~5782~+	chr3	52253445	TWF2::WDR82	52257519	4074
CESC-EK-A2PG-TP	HPV58~2752~-~chr3~52254054~+	chr3	52254054	TWF2::WDR82	52257519	3465
CESC-EK-A2PG-TP	HPV58~4998~-~chr3~52237569~+	chr3	52237569	TWF2::WDR82	52238992	1423
CESC-EK-A2PG-TP	HPV58~4378~+~chr3~52235026~+	chr3	52235026	TWF2::WDR82	52238992	3966
CESC-EK-A2PG-TP	chr3~52259319~+~HPV58~1904~-	chr3	52259319	TWF2::WDR82	52260501	1182
CESC-EK-A2PG-TP	chr3~52273512~+~HPV58~5483~+	chr3	52273512	TWF2::WDR82	52260501	13011
CESC-EK-A2PG-TP	HPV58~4626~+~chr3~52246638~+	chr3	52246638	TWF2::WDR82	52238992	7646
CESC-EK-A2PG-TP	HPV58~361~+~chr3~52238416~+	chr3	52238416	TWF2::WDR82	52238992	576
CESC-EK-A2PG-TP	HPV58~670~-~chr3~52235195~+	chr3	52235195	TWF2::WDR82	52238992	3797
CESC-EK-A2PG-TP	chr3~52231270~+~HPV58~1304~+	chr3	52231270	TWF2::WDR82	52238992	7722
CESC-EK-A2PG-TP	chr3~52238908~+~HPV58~5063~-	chr3	52238908	TWF2::WDR82	52238992	84
CESC-EK-A2PG-TP	HPV58~6206~-~chr11~93405401~+	chr11	93405401	CEP295::SMCO4	93479269	73868
CESC-EK-A2PG-TP	chr3~52236643~+~HPV58~5704~+	chr3	52236643	TWF2::WDR82	52238992	2349
CESC-EK-A2PG-TP	HPV58~1447~+~chr3~52257701~+	chr3	52257701	TWF2::WDR82	52257519	182
CESC-EK-A2PG-TP	HPV58~6496~-~chr3~52239833~+	chr3	52239833	TWF2::WDR82	52238992	841
CESC-EK-A2PG-TP	chr3~52248041~+~HPV58~1207~+	chr3	52248041	TWF2::WDR82	52238992	9049
CESC-EK-A2PG-TP	chr11~93697697~+~HPV58~1738~-	chr11	93697697	CEP295::SMCO4	93667807	29890
CESC-EK-A2PG-TP	HPV58~644~+~chr3~52259487~+	chr3	52259487	TWF2::WDR82	52260501	1014
CESC-EK-A2PG-TP	chr11~93476309~+~HPV58~7538~+	chr11	93476309	CEP295::SMCO4	93479269	2960
CESC-EK-A2PG-TP	chr3~52234905~+~HPV58~1767~+	chr3	52234905	TWF2::WDR82	52238992	4087
CESC-EK-A2PG-TP	HPV58~6676~+~chr3~52223701~+	chr3	52223701	TWF2::WDR82	52238992	15291
CESC-EK-A2PG-TP	chr3~52255842~+~HPV58~4755~-	chr3	52255842	TWF2::WDR82	52257519	1677
CESC-EK-A2PG-TP	chr3~52227531~+~HPV58~5231~-	chr3	52227531	TWF2::WDR82	52238992	11461
CESC-EK-A2PG-TP	HPV58~7185~+~chr3~52219604~+	chr3	52219604	TWF2::WDR82	52238992	19388
CESC-EK-A2PG-TP	HPV58~6643~-~chr3~52227531~+	chr3	52227531	TWF2::WDR82	52238992	11461
CESC-EK-A2PG-TP	HPV58~2848~+~chr3~52244916~+	chr3	52244916	TWF2::WDR82	52238992	5924
CESC-EK-A2PG-TP	HPV58~5325~+~chr3~52256645~+	chr3	52256645	TWF2::WDR82	52257519	874
CESC-EK-A2PG-TP	HPV58~1526~-~chr3~52246135~+	chr3	52246135	TWF2::WDR82	52238992	7143
CESC-EK-A2PG-TP	HPV58~274~+~chr3~52246654~+	chr3	52246654	TWF2::WDR82	52238992	7662
CESC-EK-A2PG-TP	HPV58~7431~+~chr3~52241259~+	chr3	52241259	TWF2::WDR82	52238992	2267
CESC-C5-A2M1-TP	HPV16~3741~+~chr8~127794674~+	chr8	127794674	PVT1::MYC	127738251	56423
CESC-C5-A2M1-TP	HPV16~881~+~chr8~127890588~+	chr8	127890588	PVT1::MYC	127890998	410
CESC-C5-A2M1-TP	HPV16~3633~+~chr8~127890588~+	chr8	127890588	PVT1::MYC	127890998	410
CESC-C5-A2M1-TP	HPV16~881~+~chr8~127851933~+	chr8	127851933	PVT1::MYC	127890998	39065
CESC-C5-A2M1-TP	HPV16~881~+~chr8~127855154~+	chr8	127855154	PVT1::MYC	127890998	35844
CESC-C5-A2M1-TP	HPV16~3633~+~chr8~127795893~+	chr8	127795893	PVT1::MYC	127738251	57642
CESC-C5-A2M1-TP	HPV16~206~+~chr8~127794674~+	chr8	127794674	PVT1::MYC	127738251	56423
CESC-C5-A2M1-TP	HPV16~3633~+~chr8~127851933~+	chr8	127851933	PVT1::MYC	127890998	39065
CESC-C5-A2M1-TP	chr8~127878280~+~HPV16~881~-	chr8	127878280	PVT1::MYC	127890998	12718
CESC-C5-A2M1-TP	HPV16~1010~+~chr8~127775546~+	chr8	127775546	PVT1::MYC	127738251	37295
CESC-C5-A2M1-TP	HPV16~227~+~chr8~127890588~+	chr8	127890588	PVT1::MYC	127890998	410
CESC-C5-A2M1-TP	chr8~127891108~+~HPV16~3633~-	chr8	127891108	PVT1::MYC	127890998	110
CESC-C5-A2M1-TP	HPV16~3633~+~chr8~127761212~+	chr8	127761212	PVT1::MYC	127738251	22961
CESC-C5-A2M1-TP	chr8~127794671~+~HPV16~4916~+	chr8	127794671	PVT1::MYC	127738251	56420
CESC-C5-A2M1-TP	HPV16~874~+~chr8~127795893~+	chr8	127795893	PVT1::MYC	127738251	57642
CESC-C5-A2M1-TP	HPV16~3633~+~chr8~127855162~+	chr8	127855162	PVT1::MYC	127890998	35836
CESC-C5-A2M1-TP	HPV16~2015~+~chr8~127753270~+	chr8	127753270	PVT1::MYC	127738251	15019
CESC-C5-A2M1-TP	HPV16~3633~+~chr8~127819908~+	chr8	127819908	PVT1::MYC	127890998	71090
CESC-C5-A2M1-TP	HPV16~227~+~chr8~127855154~+	chr8	127855154	PVT1::MYC	127890998	35844
CESC-C5-A2M1-TP	HPV16~3633~+~chr8~127816827~+	chr8	127816827	PVT1::MYC	127890998	74171
CESC-C5-A2M1-TP	chr8~127796072~+~HPV16~578~-	chr8	127796072	PVT1::MYC	127738251	57821
CESC-C5-A2M1-TP	chr8~127813156~+~HPV16~1960~+	chr8	127813156	PVT1::MYC	127738251	74905
CESC-C5-A2M1-TP	chr8~127794735~+~HPV16~578~-	chr8	127794735	PVT1::MYC	127738251	56484
CESC-C5-A2M1-TP	HPV16~1007~+~chr8~127775543~+	chr8	127775543	PVT1::MYC	127738251	37292
CESC-C5-A2M1-TP	HPV16~1787~+~chr8~127870576~+	chr8	127870576	PVT1::MYC	127890998	20422
CESC-C5-A2M1-TP	HPV16~1785~-~chr8~127762864~+	chr8	127762864	PVT1::MYC	127738251	24613
CESC-C5-A2M1-TP	HPV16~1963~+~chr8~127870486~+	chr8	127870486	PVT1::MYC	127890998	20512
CESC-C5-A2M1-TP	chr8~127753014~+~HPV16~1714~+	chr8	127753014	PVT1::MYC	127738251	14763
CESC-C5-A2M1-TP	HPV16~2014~+~chr8~127753241~+	chr8	127753241	PVT1::MYC	127738251	14990
CESC-C5-A2M1-TP	chr8~127814416~+~HPV16~1960~-	chr8	127814416	PVT1::MYC	127738251	76165
HNSC-HD-7832-TP	chr12~52473761~+~HPV33~506~+	chr12	52473761	KRT14::KRT6A	52490068	16307
BLCA-GC-A3I6-TP	HPV16~3383~-~chr20~31721654~+	chr20	31721654	BCL2L1::COX4I2	31721655	1
BLCA-GC-A3I6-TP	HPV16~6074~+~chr20~31712239~+	chr20	31712239	BCL2L1::COX4I2	31721655	9416
HNSC-HL-7533-TP	HPV16~881~+~chr9~5579830~+	chr9	5579830	RIC1::PDCD1LG2	5557618	22212
HNSC-HL-7533-TP	HPV16~227~+~chr9~5557617~+	chr9	5557617	RIC1::PDCD1LG2	5557618	1
HNSC-HL-7533-TP	chr9~5578120~+~HPV16~3951~+	chr9	5578120	RIC1::PDCD1LG2	5557618	20502
HNSC-HL-7533-TP	HPV16~229~+~chr9~5569951~+	chr9	5569951	RIC1::PDCD1LG2	5557618	12333
HNSC-HL-7533-TP	HPV16~2609~+~chr9~5578450~+	chr9	5578450	RIC1::PDCD1LG2	5557618	20832
HNSC-HL-7533-TP	HPV16~227~+~chr9~5563161~+	chr9	5563161	RIC1::PDCD1LG2	5557618	5543
HNSC-HL-7533-TP	HPV16~874~+~chr9~5563159~+	chr9	5563159	RIC1::PDCD1LG2	5557618	5541
CESC-C5-A3HD-TP	chr1~113763921~+~HPV16~881~-	chr1	113763921	PHTF1::RSBN1	113763920	1
CESC-C5-A3HD-TP	HPV16~2123~-~chr1~113797900~+	chr1	113797900	PHTF1::RSBN1	113798036	136
CESC-C5-A3HD-TP	HPV16~3357~-~chr1~113797921~+	chr1	113797921	PHTF1::RSBN1	113798036	115
CESC-C5-A3HD-TP	HPV16~3357~-~chr1~113811709~+	chr1	113811709	RSBN1::PTPN22	113811710	1
CESC-C5-A3HD-TP	HPV16~2117~-~chr1~113811250~+	chr1	113811250	RSBN1::PTPN22	113811710	460
CESC-C5-A3HD-TP	chr1~113763986~+~HPV16~1618~-	chr1	113763986	PHTF1::RSBN1	113763920	66
CESC-C5-A3HD-TP	HPV16~1061~+~chr1~113804836~+	chr1	113804836	PHTF1::RSBN1	113798036	6800
CESC-C5-A3HD-TP	HPV16~3357~-~chr1~113757698~+	chr1	113757698	PHTF1::RSBN1	113757699	1
CESC-C5-A3HD-TP	chr1~113821648~+~HPV16~3233~+	chr1	113821648	PHTF1::PTPN22	113819654	1994
CESC-C5-A3HD-TP	chr1~113757758~+~HPV16~700~-	chr1	113757758	PHTF1::PTPN22	113757699	59
CESC-C5-A3HD-TP	chr1~113819657~+~HPV16~231~-	chr1	113819657	PHTF1::PTPN22	113819654	3
CESC-C5-A3HD-TP	chr1~113758734~+~HPV16~227~-	chr1	113758734	PHTF1::PTPN22	113757699	1035
CESC-C5-A3HD-TP	HPV16~2117~-~chr1~113758658~+	chr1	113758658	PHTF1::PTPN22	113757699	959
CESC-C5-A3HD-TP	chr1~113814971~+~HPV16~234~-	chr1	113814971	RSBN1::PTPN22	113811710	3261
CESC-C5-A3HD-TP	HPV16~3352~-~chr1~113758658~+	chr1	113758658	PHTF1::PTPN22	113757699	959
CESC-C5-A3HD-TP	HPV16~2708~-~chr1~113797921~+	chr1	113797921	PHTF1::RSBN1	113798036	115
CESC-C5-A3HD-TP	chr1~113760776~+~HPV16~227~-	chr1	113760776	PHTF1::PTPN22	113757699	3077
CESC-C5-A3HD-TP	HPV16~2708~-~chr1~113811709~+	chr1	113811709	RSBN1::PTPN22	113811710	1
CESC-C5-A3HD-TP	chr1~113763986~+~HPV16~4987~+	chr1	113763986	PHTF1::RSBN1	113763920	66
CESC-C5-A3HD-TP	chr1~113763959~+~HPV16~176~-	chr1	113763959	PHTF1::RSBN1	113763920	39
CESC-C5-A3HD-TP	HPV16~783~+~chr1~113758658~+	chr1	113758658	PHTF1::PTPN22	113757699	959
CESC-C5-A3HD-TP	chr1~113815473~+~HPV16~3354~+	chr1	113815473	RSBN1::PTPN22	113811710	3763
CESC-C5-A3HD-TP	chr1~113798039~+~HPV16~861~-	chr1	113798039	PHTF1::RSBN1	113798036	3
CESC-C5-A3HD-TP	HPV16~578~+~chr1~113757698~+	chr1	113757698	PHTF1::RSBN1	113757699	1
CESC-C5-A3HD-TP	HPV16~1056~+~chr1~113804831~+	chr1	113804831	PHTF1::RSBN1	113798036	6795
CESC-EA-A1QT-TP	chr9~5716204~+~HPV16~7035~-	chr9	5716204	RIC1::PFN2	5714003	2201
CESC-EA-A1QT-TP	chr9~5629454~+~HPV16~3357~+	chr9	5629454	RIC1::PFN2	5629453	1
CESC-EA-A1QT-TP	HPV16~2573~-~chr9~5727227~+	chr9	5727227	RIC1::PFN2	5714003	13224
CESC-EA-A1QT-TP	chr9~5690039~+~HPV16~3357~+	chr9	5690039	RIC1::MLANA	5714003	23964
CESC-EA-A1QT-TP	chr9~5738539~+~HPV16~408~+	chr9	5738539	RIC1::PFN2	5714003	24536
CESC-EA-A1QT-TP	HPV16~408~-~chr9~5737879~+	chr9	5737879	RIC1::PFN2	5714003	23876
CESC-EA-A1QT-TP	chr9~5738539~+~HPV16~3357~+	chr9	5738539	RIC1::PFN2	5714003	24536
CESC-EA-A1QT-TP	chr9~5714004~+~HPV16~470~+	chr9	5714004	RIC1::MLANA	5714003	1
CESC-EA-A1QT-TP	HPV16~3374~-~chr9~5738919~+	chr9	5738919	RIC1::PFN2	5714003	24916
CESC-EA-A1QT-TP	HPV16~5638~-~chr9~5737879~+	chr9	5737879	RIC1::PFN2	5714003	23876
CESC-EA-A1QT-TP	HPV16~3357~-~chr9~5737879~+	chr9	5737879	RIC1::PFN2	5714003	23876
CESC-EA-A1QT-TP	chr9~5732471~+~HPV16~407~+	chr9	5732471	RIC1::PFN2	5714003	18468
CESC-EA-A1QT-TP	HPV16~3367~-~chr9~5629597~+	chr9	5629597	RIC1::PFN2	5629453	144
CESC-EA-A1QT-TP	chr9~5714004~+~HPV16~3357~+	chr9	5714004	RIC1::MLANA	5714003	1
CESC-VS-A9UO-TP	chr11~102868070~+~HPV18~930~-	chr11	102868070	WTAPP1::MMP12	102868069	1
CESC-VS-A9UO-TP	chr11~102868070~+~HPV18~234~-	chr11	102868070	WTAPP1::MMP12	102868069	1
CESC-VS-A9UO-TP	chr11~102839244~+~HPV18~234~-	chr11	102839244	WTAPP1::MMP12	102832906	6338
CESC-VS-A9UO-TP	chr11~102789284~+~HPV18~3526~-	chr11	102789284	MMP12::WTAPP1	102830732	41448
CESC-VS-A9UO-TP	chr11~102868070~+~HPV18~3285~-	chr11	102868070	WTAPP1::MMP12	102868069	1
CESC-VS-A9UO-TP	chr11~102867395~+~HPV18~1359~-	chr11	102867395	WTAPP1::MMP12	102868069	674
CESC-VS-A9UO-TP	HPV18~2647~+~chr11~102789321~+	chr11	102789321	MMP12::WTAPP1	102830732	41411
CESC-VS-A9UO-TP	chr11~102838719~+~HPV18~240~-	chr11	102838719	WTAPP1::MMP12	102832906	5813
CESC-VS-A9UO-TP	chr11~102832909~+~HPV18~55~+	chr11	102832909	WTAPP1::MMP12	102832906	3
CESC-VS-A9UO-TP	chr11~102867395~+~HPV18~235~-	chr11	102867395	WTAPP1::MMP12	102868069	674
CESC-VS-A9UO-TP	chr11~102866073~+~HPV18~912~-	chr11	102866073	MMP12::WTAPP1	102866315	242
CESC-VS-A9UO-TP	chr11~102849429~+~HPV18~4068~+	chr11	102849429	WTAPP1::MMP12	102832906	16523
CESC-VS-A9UO-TP	chr11~102839794~+~HPV18~461~+	chr11	102839794	WTAPP1::MMP12	102832906	6888
CESC-VS-A9UO-TP	chr11~102866570~+~HPV18~2351~+	chr11	102866570	MMP12::WTAPP1	102866315	255
CESC-ZJ-AAXB-TP	chr4~73777731~+~HPV18~930~-	chr4	73777731	RASSF6::RP11-447E20.1	73818635	40904
CESC-ZJ-AAXB-TP	chr4~73777731~+~HPV18~234~-	chr4	73777731	RASSF6::RP11-447E20.1	73818635	40904
CESC-ZJ-AAXB-TP	chr4~73776434~+~HPV18~234~-	chr4	73776434	RASSF6::RP11-447E20.1	73818635	42201
CESC-ZJ-AAXB-TP	chr4~73781300~+~HPV18~1995~-	chr4	73781300	RASSF6::RP11-447E20.1	73818635	37335
CESC-ZJ-AAXB-TP	chr4~73842419~+~HPV18~2383~-	chr4	73842419	RASSF6::RP11-447E20.1	73818635	23784
CESC-ZJ-AAXB-TP	HPV18~5277~-~chr4~73783706~+	chr4	73783706	RASSF6::RP11-447E20.1	73818635	34929
CESC-ZJ-AAXB-TP	HPV18~0~-~chr4~73579021~+	chr4	73579021	RASSF6::RP11-447E20.1	73581817	2796
CESC-MY-A5BE-TP	chr21~8255929~+~HPV16~1251~-	chr21	8255929	NEDD4::CH507-513H4.1	8222961	32968
CESC-MY-A5BE-TP	chr21~8211723~+~HPV16~1251~-	chr21	8211723	NEDD4::CH507-513H4.1	8222961	11238
HNSC-CR-6471-TP	chr12~52493215~+~HPV33~509~+	chr12	52493215	KRT16::KRT6A	52490068	3147
HNSC-CR-6471-TP	chr17~41583828~+~HPV33~684~-	chr17	41583828	KRT10::KRT14	41583921	93
HNSC-CR-6471-TP	chr12~52491158~+~HPV33~194~+	chr12	52491158	KRT16::KRT6A	52490068	1090
HNSC-CR-6471-TP	chr12~52520216~+~HPV33~196~+	chr12	52520216	KRT84::KRT5	52517992	2224
HNSC-CR-6471-TP	HPV33~773~+~chr12~52468956~+	chr12	52468956	KRT82::KRT6C	52471516	2560
HNSC-CR-6471-TP	chr17~41612693~+~HPV33~516~+	chr17	41612693	KRT16::KRT12	41611639	1054
HNSC-CR-6471-TP	chr17~41586839~+~HPV33~516~+	chr17	41586839	KRT10::KRT14	41583921	2918
HNSC-CR-7404-TP	HPV16~5824~-~chr19~44672555~+	chr19	44672555	BCL3::CTB-171A8.1	44728205	55650
GTEX-WH7G-0002-SM-4LVN9	chr7~26193616~+~NC_009334_172764nt_Human_herpesvirus_4_type_2~40412~-	chr7	26193616	C15orf57::CBX3	26201769	8153
GTEX-WEY5-0001-SM-3P61Z	chr17~81510357~+~NC_009334_172764nt_Human_herpesvirus_4_type_2~39255~-	chr17	81510357	ACTG2::ACTG1	81510833	476
GTEX-SSA3-0002-SM-3P61R	NC_007605_171823nt_Human_gammaherpesvirus_4~39734~-~chr17~81510713~+	chr17	81510713	ACTG2::ACTG1	81510833	120
GTEX-T5JW-0003-SM-3NMAD	NC_009334_172764nt_Human_herpesvirus_4_type_2~39876~+~chr17~81510823~+	chr17	81510823	ACTG2::ACTG1	81510833	10
GTEX-VUSG-0003-SM-3NMDK	chr7~26196936~+~NC_007605_171823nt_Human_gammaherpesvirus_4~14576~+	chr7	26196936	C15orf57::CBX3	26201769	4833
GTEX-ZPCL-0004-SM-4WWD6	chr17~81511238~+~NC_009334_172764nt_Human_herpesvirus_4_type_2~39361~+	chr17	81511238	ACTG2::ACTG1	81510833	405
GTEX-X4EP-0004-SM-4PQZX	chr7~26197334~+~NC_009334_172764nt_Human_herpesvirus_4_type_2~39878~-	chr7	26197334	C15orf57::CBX3	26201769	4435
