sample,genotype,feature,score,position,chr,chr_position,end,strand,match,counts
reads_R-HPV31,HPV31,left,4,102,chr9,17408103,17408066,+,39,7
reads_R-HPV31,HPV31,left,4,102,chr9,92039123,92039086,+,38,7
reads_R-HPV31,HPV31,left,4,102,chr6,36577179,36577142,+,39,8
reads_R-HPV31,HPV31,left,4,102,chr6,46360510,46360473,+,38,7
reads_R-HPV31,HPV31,left,4,102,chr22,29230309,29230272,+,39,7
reads_R-HPV31,HPV31,left,4,102,chr2,95709372,95709336,+,40,8
reads_R-HPV31,HPV31,left,4,102,chr2,170683511,170683474,+,39,7
reads_R-HPV31,HPV31,left,4,102,chr19,30110223,30110185,+,36,5
reads_R-HPV31,HPV31,left,4,102,chr17,30077278,30077241,+,37,7
reads_R-HPV31,HPV31,left,3,102,chr16,907377,907340,+,39,7
reads_R-HPV31,HPV31,left,4,102,chr14,55365187,55365150,+,38,7
reads_R-HPV31,HPV31,left,4,102,chr12,107225171,107225134,+,39,7
reads_R-HPV31,HPV31,left,4,102,chr10,112731551,112731514,+,39,7
reads_R-HPV31,HPV31,left,4,102,chr1,184971646,184971609,+,39,7
reads_R-HPV31,HPV31,left,4,102,chr1,179670368,179670331,+,39,7
reads_R-HPV31,HPV31,left,4,102,chr1,6844662,6844627,+,33,6
reads_R-HPV31,HPV31,left,4,102,chrX,70249435,70249472,-,39,7
reads_R-HPV31,HPV31,left,4,102,chrX,33056401,33056438,-,39,7
reads_R-HPV31,HPV31,left,4,102,chr8,134836078,134836115,-,38,7
reads_R-HPV31,HPV31,left,4,102,chr8,73887350,73887385,-,33,5
reads_R-HPV31,HPV31,left,4,102,chr7,79111707,79111744,-,39,7
reads_R-HPV31,HPV31,left,4,102,chr5,172261665,172261702,-,39,7
reads_R-HPV31,HPV31,left,4,102,chr2,202640650,202640687,-,39,7
reads_R-HPV31,HPV31,left,4,102,chr2,61270476,61270513,-,38,7
reads_R-HPV31,HPV31,left,4,102,chr2,26284503,26284540,-,39,7
reads_R-HPV31,HPV31,left,4,102,chr2,216030584,216030621,-,38,7
reads_R-HPV31,HPV31,left,4,102,chr19,1405969,1406006,-,39,7
reads_R-HPV31,HPV31,left,3,102,chr16,48545005,48545042,-,39,7
reads_R-HPV31,HPV31,left,4,102,chr15,24264249,24264286,-,39,8
reads_R-HPV31,HPV31,left,4,102,chr15,40716701,40716738,-,39,7
reads_R-HPV31,HPV31,left,4,102,chr13,94972859,94972896,-,39,7
reads_R-HPV31,HPV31,left,4,102,chr12,53300960,53300996,-,40,8
reads_R-HPV31,HPV31,left,4,102,chr12,2985546,2985583,-,39,7
reads_R-HPV31,HPV31,left,4,102,chr11,108573942,108573979,-,39,7
reads_R-HPV31,HPV31,left,4,102,chr11,93229458,93229494,-,36,6
reads_R-HPV31,HPV31,left,4,102,chr1,179069411,179069448,-,39,7
reads_R-HPV31,HPV31,left,4,102,chr1,65214152,65214188,-,38,7
reads_R-HPV31,HPV31,left,4,102,chrX,56957129,56957092,+,38,6
reads_R-HPV31,HPV31,left,1,102,chr1,112500742,112500716,+,26,1
reads_R-HPV31,HPV31,left,4,102,chr10,119534567,119534535,+,34,3
reads_R-HPV31,HPV31,left,4,102,chr12,57358019,57358050,-,30,2
reads_R-HPV31,HPV31,left,4,102,chr11,47591119,47591148,-,28,2
reads_R-HPV31,HPV31,left,7,631,chr6,52275453,52275421,+,32,1
reads_R-HPV31,HPV31,left,10,822,chr3,16838578,16838614,-,42,16
reads_R-HPV31,HPV31,left,10,949,chr4,136020220,136020260,-,42,9
reads_R-HPV31,HPV31,right,10,1067,chr15,59294764,59294728,-,43,14
reads_R-HPV31,HPV31,right,4,1184,chr22,13297043,13297017,-,27,3
reads_R-HPV31,HPV31,right,4,1184,chr22,13309330,13309298,-,43,8
reads_R-HPV31,HPV31,right,4,1184,chr22,13351635,13351603,-,35,7
reads_R-HPV31,HPV31,right,4,1184,chr22,13354363,13354331,-,35,7
reads_R-HPV31,HPV31,right,4,1184,chr22,13359820,13359788,-,35,7
reads_R-HPV31,HPV31,right,4,1184,chr22,13362547,13362521,-,27,3
reads_R-HPV31,HPV31,right,4,1184,chr22,13363911,13363879,-,35,7
reads_R-HPV31,HPV31,right,4,1184,chr22,13365276,13365244,-,35,7
reads_R-HPV31,HPV31,right,4,1184,chr22,13380290,13380258,-,35,7
reads_R-HPV31,HPV31,right,4,1184,chr22,13411673,13411641,-,35,7
reads_R-HPV31,HPV31,right,4,1184,chr22,13430780,13430750,-,34,6
reads_R-HPV31,HPV31,right,4,1184,chr22,13467256,13467226,-,34,6
reads_R-HPV31,HPV31,right,4,1184,chr22,13468621,13468592,-,34,6
reads_R-HPV31,HPV31,right,4,1184,chr22,13471349,13471320,-,34,6
reads_R-HPV31,HPV31,right,4,1184,chr22,13472713,13472684,-,34,6
reads_R-HPV31,HPV31,right,4,1184,chr22,13474077,13474048,-,34,6
reads_R-HPV31,HPV31,right,4,1184,chr21,11158533,11158507,-,27,3
reads_R-HPV31,HPV31,right,4,1184,chr21,11170820,11170788,-,43,8
reads_R-HPV31,HPV31,right,4,1184,chr21,11213125,11213093,-,35,7
reads_R-HPV31,HPV31,right,4,1184,chr21,11215853,11215821,-,35,7
reads_R-HPV31,HPV31,right,4,1184,chr21,11221310,11221278,-,35,7
reads_R-HPV31,HPV31,right,4,1184,chr21,11224037,11224011,-,27,3
reads_R-HPV31,HPV31,right,4,1184,chr21,11225401,11225369,-,35,7
reads_R-HPV31,HPV31,right,4,1184,chr21,11226766,11226734,-,35,7
reads_R-HPV31,HPV31,right,4,1184,chr21,11241780,11241748,-,35,7
reads_R-HPV31,HPV31,right,4,1184,chr21,11273163,11273131,-,35,7
reads_R-HPV31,HPV31,right,4,1184,chr21,11292270,11292240,-,34,6
reads_R-HPV31,HPV31,right,4,1184,chr21,11328746,11328716,-,34,6
reads_R-HPV31,HPV31,right,4,1184,chr21,11330111,11330082,-,34,6
reads_R-HPV31,HPV31,right,4,1184,chr21,11332839,11332810,-,34,6
reads_R-HPV31,HPV31,right,4,1184,chr21,11334203,11334174,-,34,6
reads_R-HPV31,HPV31,right,4,1184,chr21,11335567,11335538,-,34,6
reads_R-HPV31,HPV31,right,4,1184,chr14,16405323,16405290,-,43,8
reads_R-HPV31,HPV31,right,4,1184,chr14,16418974,16418942,-,43,8
reads_R-HPV31,HPV31,right,4,1184,chr14,16427169,16427136,-,43,8
reads_R-HPV31,HPV31,right,4,1184,chr14,16468111,16468079,-,35,7
reads_R-HPV31,HPV31,right,4,1184,chr14,16470840,16470808,-,35,7
reads_R-HPV31,HPV31,right,4,1184,chr14,16473568,16473536,-,35,7
reads_R-HPV31,HPV31,right,4,1184,chr14,16481752,16481726,-,27,3
reads_R-HPV31,HPV31,right,4,1184,chr14,16483116,16483084,-,35,7
reads_R-HPV31,HPV31,right,4,1184,chr14,16499495,16499463,-,35,7
reads_R-HPV31,HPV31,right,4,1184,chr14,16517226,16517194,-,35,7
reads_R-HPV31,HPV31,right,4,1184,chr14,16530878,16530846,-,35,7
reads_R-HPV31,HPV31,right,4,1184,chr14,16549985,16549953,-,35,7
reads_R-HPV31,HPV31,right,4,1184,chr14,16551689,16551663,-,26,2
reads_R-HPV31,HPV31,right,4,1184,chr14,16583732,16583700,-,35,7
reads_R-HPV31,HPV31,right,4,1184,chr14,16585096,16585070,-,26,2
reads_R-HPV31,HPV31,right,4,1184,chr14,16586461,16586429,-,35,7
reads_R-HPV31,HPV31,right,4,1184,chr13,16283048,16283016,-,43,8
reads_R-HPV31,HPV31,right,4,1184,chr13,16296699,16296666,-,43,8
reads_R-HPV31,HPV31,right,4,1184,chr13,16304894,16304862,-,43,8
reads_R-HPV31,HPV31,right,4,1184,chr13,16333548,16333516,-,35,7
reads_R-HPV31,HPV31,right,4,1184,chr13,16345836,16345804,-,35,7
reads_R-HPV31,HPV31,right,4,1184,chr13,16386766,16386734,-,35,7
reads_R-HPV31,HPV31,right,4,1184,chr13,16389494,16389462,-,35,7
reads_R-HPV31,HPV31,right,4,1184,chr13,16390858,16390826,-,35,7
reads_R-HPV31,HPV31,right,4,1184,chr13,16392222,16392196,-,27,3
reads_R-HPV31,HPV31,right,4,1184,chr13,16393586,16393554,-,35,7
reads_R-HPV31,HPV31,right,4,1184,chr13,16394951,16394919,-,35,7
reads_R-HPV31,HPV31,right,4,1184,chr13,16429072,16429042,-,34,6
reads_R-HPV31,HPV31,right,4,1184,chr13,16429414,16429388,-,26,2
reads_R-HPV31,HPV31,right,4,1184,chr13,16461457,16461428,-,34,6
reads_R-HPV31,HPV31,right,4,1184,chr13,16462821,16462795,-,26,2
reads_R-HPV31,HPV31,right,4,1184,chr13,16510407,16510378,-,34,6
reads_R-HPV31,HPV31,right,4,1184,chr5,47077940,47077973,+,32,5
reads_R-HPV31,HPV31,right,1,1184,chr14,16631319,16631292,-,27,1
reads_R-HPV31,HPV31,right,4,1184,chr14,16632682,16632650,-,34,4
reads_R-HPV31,HPV31,right,4,1184,chr13,16543154,16543122,-,34,4
reads_R-HPV31,HPV31,right,4,1184,chr13,16556805,16556772,-,34,4
reads_R-HPV31,HPV31,right,4,1184,chr7,62559885,62559918,+,32,4
reads_R-HPV31,HPV31,right,4,1184,chr5,50135065,50135098,+,31,4
reads_R-HPV31,HPV31,right,4,1184,chr5,46354994,46355027,+,31,4
reads_R-HPV31,HPV31,right,4,1184,chr5,46365519,46365550,+,30,3
reads_R-HPV31,HPV31,right,4,1184,chr3,90400696,90400729,+,31,4
reads_R-HPV31,HPV31,right,4,1184,chr3,93714119,93714149,+,29,2
reads_R-HPV31,HPV31,right,4,1184,chr22,15190476,15190509,+,31,4
reads_R-HPV31,HPV31,right,4,1184,chr22,16001130,16001161,+,30,3
reads_R-HPV31,HPV31,right,4,1184,chr20,30993813,30993846,+,31,4
reads_R-HPV31,HPV31,right,4,1184,chr2,94539886,94539919,+,31,4
reads_R-HPV31,HPV31,right,4,1184,chr19,27401323,27401356,+,31,4
reads_R-HPV31,HPV31,right,4,1184,chr18,20940066,20940098,+,30,4
reads_R-HPV31,HPV31,right,4,1184,chr18,20818164,20818195,+,29,3
reads_R-HPV31,HPV31,right,4,1184,chr12,37690878,37690911,+,31,4
reads_R-HPV31,HPV31,right,4,1184,chr12,37636195,37636228,+,30,2
reads_R-HPV31,HPV31,right,4,1184,chr11,55248031,55248064,+,31,4
reads_R-HPV31,HPV31,right,4,1184,chr10,39440803,39440834,+,37,3
reads_R-HPV31,HPV31,right,4,1184,KI270442.1,140243,140274,+,30,2
reads_R-HPV31,HPV31,right,3,1184,GL000208.1,53098,53131,+,31,4
reads_R-HPV31,HPV31,right,1,1184,chr8,44865741,44865711,-,28,1
reads_R-HPV31,HPV31,right,1,1184,chr22,13475441,13475409,-,32,1
reads_R-HPV31,HPV31,right,4,1184,chr22,13484824,13484791,-,34,3
reads_R-HPV31,HPV31,right,1,1184,chr21,11336931,11336899,-,32,1
reads_R-HPV31,HPV31,right,4,1184,chr21,11346314,11346281,-,34,3
reads_R-HPV31,HPV31,right,4,1184,chr14,16635411,16635378,-,34,3
reads_R-HPV31,HPV31,right,4,1184,chr14,16650426,16650393,-,34,3
reads_R-HPV31,HPV31,right,4,1184,chr13,16570455,16570422,-,34,3
reads_R-HPV31,HPV31,right,4,1184,chr5,49642747,49642780,+,31,3
reads_R-HPV31,HPV31,right,4,1184,chr5,46339139,46339172,+,31,3
reads_R-HPV31,HPV31,right,4,1184,chr5,49645783,49645816,+,30,3
reads_R-HPV31,HPV31,right,4,1184,chr2,94523660,94523693,+,31,3
reads_R-HPV31,HPV31,right,4,1184,chr14,18259681,18259714,+,31,3
reads_R-HPV31,HPV31,right,4,1184,chr22,13516206,13516172,-,34,2
reads_R-HPV31,HPV31,right,4,1184,chr21,11377696,11377662,-,34,2
reads_R-HPV31,HPV31,right,4,1184,chr2,94539202,94539236,+,39,3
reads_R-HPV31,HPV31,right,4,1184,chr22,13287485,13287446,-,43,2
reads_R-HPV31,HPV31,right,1,1184,chr22,13310695,13310660,-,35,1
reads_R-HPV31,HPV31,right,1,1184,chr22,13383020,13382985,-,35,1
reads_R-HPV31,HPV31,right,1,1184,chr22,13384384,13384349,-,35,1
reads_R-HPV31,HPV31,right,1,1184,chr22,13385748,13385713,-,35,1
reads_R-HPV31,HPV31,right,1,1184,chr22,13414403,13414368,-,35,1
reads_R-HPV31,HPV31,right,1,1184,chr22,13415767,13415732,-,35,1
reads_R-HPV31,HPV31,right,1,1184,chr22,13417131,13417096,-,35,1
reads_R-HPV31,HPV31,right,4,1184,chr21,11148975,11148936,-,43,2
reads_R-HPV31,HPV31,right,1,1184,chr21,11172185,11172150,-,35,1
reads_R-HPV31,HPV31,right,1,1184,chr21,11244510,11244475,-,35,1
reads_R-HPV31,HPV31,right,1,1184,chr21,11245874,11245839,-,35,1
reads_R-HPV31,HPV31,right,1,1184,chr21,11247238,11247203,-,35,1
reads_R-HPV31,HPV31,right,1,1184,chr21,11275893,11275858,-,35,1
reads_R-HPV31,HPV31,right,1,1184,chr21,11277257,11277222,-,35,1
reads_R-HPV31,HPV31,right,1,1184,chr21,11278621,11278586,-,35,1
reads_R-HPV31,HPV31,right,4,1184,chr14,16428535,16428496,-,43,2
reads_R-HPV31,HPV31,right,1,1184,chr14,16479025,16478990,-,35,1
reads_R-HPV31,HPV31,right,1,1184,chr14,16484481,16484446,-,35,1
reads_R-HPV31,HPV31,right,1,1184,chr13,16348565,16348530,-,35,1
reads_R-HPV31,HPV31,right,1,1184,chr13,16351293,16351258,-,35,1
reads_R-HPV31,HPV31,right,1,1184,chr13,16360841,16360806,-,35,1
reads_R-HPV31,HPV31,right,1,1184,chr13,16377220,16377185,-,35,1
reads_R-HPV31,HPV31,right,1,1184,chr13,16408603,16408568,-,35,1
reads_R-HPV31,HPV31,right,1,1184,chr13,16427710,16427675,-,35,1
reads_R-HPV31,HPV31,right,1,1184,chr22,13286118,13286075,-,43,1
reads_R-HPV31,HPV31,right,1,1184,chr22,13288851,13288808,-,43,1
reads_R-HPV31,HPV31,right,1,1184,chr22,13291578,13291535,-,43,1
reads_R-HPV31,HPV31,right,1,1184,chr22,13292944,13292901,-,43,1
reads_R-HPV31,HPV31,right,1,1184,chr22,13294307,13294264,-,43,1
reads_R-HPV31,HPV31,right,1,1184,chr22,13295670,13295627,-,43,1
reads_R-HPV31,HPV31,right,1,1184,chr22,13299769,13299726,-,43,1
reads_R-HPV31,HPV31,right,1,1184,chr22,13305233,13305190,-,43,1
reads_R-HPV31,HPV31,right,1,1184,chr22,13307964,13307921,-,43,1
reads_R-HPV31,HPV31,right,1,1184,chr22,13312060,13312017,-,43,1
reads_R-HPV31,HPV31,right,1,1184,chr22,13316154,13316111,-,43,1
reads_R-HPV31,HPV31,right,1,1184,chr22,13324337,13324294,-,43,1
reads_R-HPV31,HPV31,right,1,1184,chr22,13325700,13325657,-,43,1
reads_R-HPV31,HPV31,right,1,1184,chr22,13328430,13328387,-,43,1
reads_R-HPV31,HPV31,right,1,1184,chr21,11147608,11147565,-,43,1
reads_R-HPV31,HPV31,right,1,1184,chr21,11150341,11150298,-,43,1
reads_R-HPV31,HPV31,right,1,1184,chr21,11153068,11153025,-,43,1
reads_R-HPV31,HPV31,right,1,1184,chr21,11154434,11154391,-,43,1
reads_R-HPV31,HPV31,right,1,1184,chr21,11155797,11155754,-,43,1
reads_R-HPV31,HPV31,right,1,1184,chr21,11157160,11157117,-,43,1
reads_R-HPV31,HPV31,right,1,1184,chr21,11161259,11161216,-,43,1
reads_R-HPV31,HPV31,right,1,1184,chr21,11166723,11166680,-,43,1
reads_R-HPV31,HPV31,right,1,1184,chr21,11169454,11169411,-,43,1
reads_R-HPV31,HPV31,right,1,1184,chr21,11173550,11173507,-,43,1
reads_R-HPV31,HPV31,right,1,1184,chr21,11177644,11177601,-,43,1
reads_R-HPV31,HPV31,right,1,1184,chr21,11185827,11185784,-,43,1
reads_R-HPV31,HPV31,right,1,1184,chr21,11187190,11187147,-,43,1
reads_R-HPV31,HPV31,right,1,1184,chr21,11189920,11189877,-,43,1
reads_R-HPV31,HPV31,right,1,1184,chr14,16406690,16406647,-,43,1
reads_R-HPV31,HPV31,right,1,1184,chr14,16408056,16408013,-,43,1
reads_R-HPV31,HPV31,right,1,1184,chr14,16410783,16410740,-,43,1
reads_R-HPV31,HPV31,right,1,1184,chr14,16412149,16412106,-,43,1
reads_R-HPV31,HPV31,right,1,1184,chr14,16413512,16413469,-,43,1
reads_R-HPV31,HPV31,right,1,1184,chr14,16414875,16414832,-,43,1
reads_R-HPV31,HPV31,right,1,1184,chr14,16424438,16424395,-,43,1
reads_R-HPV31,HPV31,right,1,1184,chr14,16431265,16431222,-,43,1
reads_R-HPV31,HPV31,right,1,1184,chr14,16435359,16435316,-,43,1
reads_R-HPV31,HPV31,right,1,1184,chr14,16443542,16443499,-,43,1
reads_R-HPV31,HPV31,right,1,1184,chr14,16444905,16444862,-,43,1
reads_R-HPV31,HPV31,right,1,1184,chr14,16447635,16447592,-,43,1
reads_R-HPV31,HPV31,right,1,1184,chr13,16284415,16284372,-,43,1
reads_R-HPV31,HPV31,right,1,1184,chr13,16285781,16285738,-,43,1
reads_R-HPV31,HPV31,right,1,1184,chr13,16288508,16288465,-,43,1
reads_R-HPV31,HPV31,right,1,1184,chr13,16289874,16289831,-,43,1
reads_R-HPV31,HPV31,right,1,1184,chr13,16291237,16291194,-,43,1
reads_R-HPV31,HPV31,right,1,1184,chr13,16292600,16292557,-,43,1
reads_R-HPV31,HPV31,right,1,1184,chr13,16302163,16302120,-,43,1
reads_R-HPV31,HPV31,right,1,1184,chr13,16306260,16306217,-,43,1
reads_R-HPV31,HPV31,right,1,1184,chr13,16308990,16308947,-,43,1
reads_R-HPV31,HPV31,right,1,1184,chr13,16313084,16313041,-,43,1
reads_R-HPV31,HPV31,right,1,1184,chr13,16321267,16321224,-,43,1
reads_R-HPV31,HPV31,right,1,1184,chr13,16322630,16322587,-,43,1
reads_R-HPV31,HPV31,right,1,1184,chr13,16325360,16325317,-,43,1
reads_R-HPV31,HPV31,right,0,1184,GL000226.1,13955,13912,-,43,1
reads_R-HPV31,HPV31,right,0,1184,GL000226.1,12591,12548,-,43,1
reads_R-HPV31,HPV31,right,0,1184,GL000226.1,11227,11184,-,43,1
reads_R-HPV31,HPV31,right,0,1184,GL000226.1,9863,9820,-,43,1
reads_R-HPV31,HPV31,right,0,1184,GL000226.1,8499,8456,-,43,1
reads_R-HPV31,HPV31,right,0,1184,GL000226.1,5771,5728,-,43,1
reads_R-HPV31,HPV31,right,0,1184,GL000226.1,4407,4364,-,43,1
reads_R-HPV31,HPV31,right,0,1184,GL000226.1,3043,3000,-,43,1
reads_R-HPV31,HPV31,right,0,1184,GL000226.1,1679,1636,-,43,1
reads_R-HPV31,HPV31,left,10,1267,chr4,164483089,164483052,+,43,14
reads_R-HPV31,HPV31,right,4,1386,chr20,26603375,26603401,+,30,5
reads_R-HPV31,HPV31,right,4,1386,chr18,20582470,20582498,+,40,6
reads_R-HPV31,HPV31,right,4,1386,chr9,60656664,60656698,+,37,6
reads_R-HPV31,HPV31,right,4,1386,chr20,26607453,26607484,+,30,2
reads_R-HPV31,HPV31,right,4,1386,chr18,20815997,20816037,+,41,6
reads_R-HPV31,HPV31,right,4,1386,chr20,28495476,28495515,+,43,10
reads_R-HPV31,HPV31,right,4,1386,chr9,60563455,60563494,+,42,8
reads_R-HPV31,HPV31,right,4,1386,chr9,60643568,60643607,+,39,6
reads_R-HPV31,HPV31,right,4,1386,chr9,60627574,60627613,+,39,6
reads_R-HPV31,HPV31,right,4,1386,chr9,60589822,60589862,+,42,8
reads_R-HPV31,HPV31,right,4,1386,chr9,60573146,60573186,+,42,8
reads_R-HPV31,HPV31,right,4,1386,chr20,28498026,28498066,+,41,8
reads_R-HPV31,HPV31,right,4,1386,chr2,94506793,94506832,+,40,8
reads_R-HPV31,HPV31,right,4,1386,KI270739.1,34821,34860,+,41,8
reads_R-HPV31,HPV31,right,3,1386,KI270383.1,986,1026,+,42,8
reads_R-HPV31,HPV31,right,4,1386,chr9,60583694,60583734,+,42,7
reads_R-HPV31,HPV31,right,4,1386,chr9,60597818,60597858,+,42,7
reads_R-HPV31,HPV31,right,4,1386,chr9,60639145,60639184,+,39,5
reads_R-HPV31,HPV31,right,4,1386,chr9,60648671,60648710,+,38,3
reads_R-HPV31,HPV31,right,1,1386,chr9,60674686,60674724,+,37,1
reads_R-HPV31,HPV31,right,4,1386,chr9,60663972,60664011,+,38,3
reads_R-HPV31,HPV31,right,3,1386,KI270396.1,1359,1399,+,42,7
reads_R-HPV31,HPV31,right,4,1386,chr9,60562265,60562305,+,42,6
reads_R-HPV31,HPV31,right,4,1386,chr9,60608190,60608230,+,40,5
reads_R-HPV31,HPV31,right,4,1386,chr9,60611930,60611970,+,40,5
reads_R-HPV31,HPV31,right,4,1386,chr9,60616352,60616392,+,40,5
reads_R-HPV31,HPV31,right,4,1386,chr9,60625702,60625742,+,39,4
reads_R-HPV31,HPV31,right,4,1386,chr9,60670098,60670137,+,38,2
reads_R-HPV31,HPV31,right,4,1386,chr9,60633192,60633232,+,39,2
reads_R-HPV31,HPV31,right,4,1386,chr9,60635744,60635784,+,39,2
reads_R-HPV31,HPV31,right,4,1386,chr9,60637273,60637313,+,39,2
reads_R-HPV31,HPV31,right,4,1386,chr7,62114576,62114616,+,36,3
reads_R-HPV31,HPV31,right,4,1386,chr5,50215785,50215825,+,40,4
reads_R-HPV31,HPV31,right,4,1386,chr3,90351320,90351360,+,36,3
reads_R-HPV31,HPV31,right,4,1386,chr22,11244403,11244443,+,36,3
reads_R-HPV31,HPV31,right,4,1386,chr21,8022714,8022754,+,36,3
reads_R-HPV31,HPV31,right,4,1386,chr21,8012506,8012546,+,36,3
reads_R-HPV31,HPV31,right,4,1386,chr9,60564133,60564175,+,42,2
reads_R-HPV31,HPV31,right,4,1386,chr9,60566003,60566045,+,42,2
reads_R-HPV31,HPV31,right,4,1386,chr9,60569743,60569785,+,42,2
reads_R-HPV31,HPV31,right,4,1386,chr9,60592205,60592247,+,42,2
reads_R-HPV31,HPV31,right,4,1386,chr9,60603942,60603984,+,42,2
reads_R-HPV31,HPV31,right,1,1386,chr9,60607000,60607041,+,40,1
reads_R-HPV31,HPV31,right,1,1386,chr9,60618220,60618261,+,40,1
reads_R-HPV31,HPV31,right,4,1386,chr1,121839567,121839609,+,41,2
reads_R-HPV31,HPV31,right,4,1386,chr1,121933276,121933318,+,40,2
reads_R-HPV31,HPV31,right,4,1386,chr1,124936628,124936670,+,40,2
reads_R-HPV31,HPV31,right,4,1386,chr1,121655130,121655172,+,39,2
reads_R-HPV31,HPV31,right,1,1386,chr1,121923629,121923670,+,37,1
reads_R-HPV31,HPV31,right,1,1386,chr1,121843978,121844019,+,37,1
reads_R-HPV31,HPV31,right,1,1386,chr1,121804301,121804342,+,37,1
reads_R-HPV31,HPV31,right,1,1386,chr1,121800572,121800613,+,37,1
reads_R-HPV31,HPV31,right,1,1386,chr1,121784941,121784982,+,37,1
reads_R-HPV31,HPV31,right,1,1386,chr1,121781212,121781253,+,37,1
reads_R-HPV31,HPV31,right,1,1386,chr1,121664458,121664499,+,37,1
reads_R-HPV31,HPV31,right,3,1386,KI270396.1,168,210,+,42,2
reads_R-HPV31,HPV31,right,3,1386,KI270322.1,8539,8581,+,40,2
reads_R-HPV31,HPV31,right,3,1386,KI270322.1,1334,1376,+,40,2
reads_R-HPV31,HPV31,right,1,1386,chr9,60579950,60579993,+,42,1
reads_R-HPV31,HPV31,right,1,1386,chr9,60582502,60582545,+,42,1
reads_R-HPV31,HPV31,right,1,1386,chr9,60586758,60586801,+,42,1
reads_R-HPV31,HPV31,right,1,1386,chr9,60594074,60594117,+,42,1
reads_R-HPV31,HPV31,right,1,1386,chr9,60600882,60600925,+,42,1
reads_R-HPV31,HPV31,right,1,1386,chr18,20838149,20838192,+,42,1
reads_R-HPV31,HPV31,right,1,1386,chr1,121882707,121882750,+,41,1
reads_R-HPV31,HPV31,right,1,1386,chr1,121684982,121685025,+,40,1
reads_R-HPV31,HPV31,right,1,1386,chr1,121688712,121688755,+,40,1
reads_R-HPV31,HPV31,right,1,1386,chr1,121737519,121737562,+,40,1
reads_R-HPV31,HPV31,right,1,1386,chr1,121742095,121742138,+,40,1
reads_R-HPV31,HPV31,right,1,1386,chr1,121790539,121790582,+,40,1
reads_R-HPV31,HPV31,right,1,1386,chr1,121864899,121864942,+,40,1
reads_R-HPV31,HPV31,right,1,1386,chr1,121936212,121936255,+,40,1
reads_R-HPV31,HPV31,right,1,1386,chr1,121954526,121954569,+,40,1
reads_R-HPV31,HPV31,right,1,1386,chr1,124933568,124933611,+,40,1
reads_R-HPV31,HPV31,right,1,1386,chr1,124935098,124935141,+,40,1
reads_R-HPV31,HPV31,right,1,1386,chr1,121651400,121651443,+,39,1
reads_R-HPV31,HPV31,left,10,1638,chr5,146930929,146930966,-,43,8
reads_R-HPV31,HPV31,right,10,1920,chr21,31943331,31943298,-,43,12
reads_R-HPV31,HPV31,right,10,2056,chr3,102345147,102345188,+,42,3
reads_R-HPV31,HPV31,right,10,2130,chr9,87763204,87763243,+,42,11
reads_R-HPV31,HPV31,right,10,2196,chr5,151799206,151799244,+,42,10
reads_R-HPV31,HPV31,right,10,2421,chr6,141738875,141738839,-,42,16
reads_R-HPV31,HPV31,right,4,2493,chrX,104228239,104228281,+,42,4
reads_R-HPV31,HPV31,right,4,2493,chrX,130202266,130202305,+,40,4
reads_R-HPV31,HPV31,right,4,2493,chr7,77505583,77505626,+,43,4
reads_R-HPV31,HPV31,right,4,2493,chr6,138177199,138177240,+,39,4
reads_R-HPV31,HPV31,right,4,2493,chr5,103250372,103250414,+,40,4
reads_R-HPV31,HPV31,right,4,2493,chr15,84850493,84850535,+,42,4
reads_R-HPV31,HPV31,right,4,2493,chr10,6412156,6412197,+,41,4
reads_R-HPV31,HPV31,right,4,2493,chr8,104727533,104727491,-,43,4
reads_R-HPV31,HPV31,right,4,2493,chr3,131055636,131055595,-,40,4
reads_R-HPV31,HPV31,right,4,2493,chr22,40889733,40889694,-,39,4
reads_R-HPV31,HPV31,right,4,2493,chr2,127704999,127704960,-,38,4
reads_R-HPV31,HPV31,right,4,2493,chr19,4240043,4240004,-,38,4
reads_R-HPV31,HPV31,right,4,2493,chr15,36044320,36044281,-,38,4
reads_R-HPV31,HPV31,right,4,2493,chr12,120260871,120260832,-,38,4
reads_R-HPV31,HPV31,right,4,2493,chr12,65651536,65651497,-,39,4
reads_R-HPV31,HPV31,right,4,2493,chr10,34263566,34263524,-,40,4
reads_R-HPV31,HPV31,right,4,2493,chr1,153336275,153336236,-,38,4
reads_R-HPV31,HPV31,right,1,2493,chr5,55884547,55884587,+,37,1
reads_R-HPV31,HPV31,right,1,2493,chrX,41219892,41219849,-,41,1
reads_R-HPV31,HPV31,right,1,2493,chr6,79223415,79223375,-,39,1
reads_R-HPV31,HPV31,right,1,2493,chr5,154984345,154984302,-,42,1
reads_R-HPV31,HPV31,right,1,2493,chr12,111784218,111784178,-,36,1
reads_R-HPV31,HPV31,right,1,2493,chr10,12418515,12418472,-,41,1
reads_R-HPV31,HPV31,left,10,2684,chr18,6877741,6877708,+,43,12
reads_R-HPV31,HPV31,right,10,2934,chr4,19957765,19957732,-,43,11
reads_R-HPV31,HPV31,left,4,3139,chr22,15994347,15994315,+,38,7
reads_R-HPV31,HPV31,left,4,3139,chr6,58449456,58449486,-,32,4
reads_R-HPV31,HPV31,left,4,3139,chr6,58451151,58451186,-,40,12
reads_R-HPV31,HPV31,left,4,3139,chr6,58573414,58573450,-,40,12
reads_R-HPV31,HPV31,left,4,3139,chr6,58582586,58582622,-,40,12
reads_R-HPV31,HPV31,left,4,3139,chr6,58585644,58585680,-,40,12
reads_R-HPV31,HPV31,left,4,3139,chr6,58588702,58588738,-,40,12
reads_R-HPV31,HPV31,left,4,3139,chr6,58619253,58619288,-,40,12
reads_R-HPV31,HPV31,left,4,3139,chr6,58622311,58622346,-,40,12
reads_R-HPV31,HPV31,left,4,3139,chr6,58655916,58655952,-,40,12
reads_R-HPV31,HPV31,left,4,3139,chr6,58658973,58659008,-,40,12
reads_R-HPV31,HPV31,left,4,3139,chr6,58662030,58662066,-,40,12
reads_R-HPV31,HPV31,left,4,3139,chr6,58665088,58665124,-,40,12
reads_R-HPV31,HPV31,left,4,3139,chr6,58668145,58668180,-,40,12
reads_R-HPV31,HPV31,left,4,3139,chr6,58686485,58686520,-,40,12
reads_R-HPV31,HPV31,left,4,3139,chr6,58689542,58689578,-,40,12
reads_R-HPV31,HPV31,left,4,3139,chr6,58692599,58692634,-,40,12
reads_R-HPV31,HPV31,left,4,3139,chr20,29864921,29864885,+,39,10
reads_R-HPV31,HPV31,left,4,3139,KI270442.1,371545,371509,+,39,10
reads_R-HPV31,HPV31,left,4,3139,chr3,90575870,90575834,+,35,6
reads_R-HPV31,HPV31,left,4,3139,chr3,90576719,90576682,+,37,6
reads_R-HPV31,HPV31,left,4,3139,chr6,58695656,58695692,-,40,8
reads_R-HPV31,HPV31,left,4,3139,chr18,20602795,20602758,+,38,4
reads_R-HPV31,HPV31,left,4,3139,chr18,20582291,20582254,+,35,2
reads_R-HPV31,HPV31,left,4,3139,chr3,90485208,90485169,+,38,2
reads_R-HPV31,HPV31,left,4,3139,chr3,90606378,90606339,+,38,2
reads_R-HPV31,HPV31,left,1,3139,chr3,90498930,90498891,+,38,1
reads_R-HPV31,HPV31,left,1,3139,chr3,93722481,93722442,+,38,1
reads_R-HPV31,HPV31,left,1,3139,chr3,93724868,93724828,+,37,1
reads_R-HPV31,HPV31,left,1,3139,chr3,90499953,90499913,+,36,1
reads_R-HPV31,HPV31,left,1,3139,chr2,94505077,94505037,+,37,1
reads_R-HPV31,HPV31,left,1,3139,chr18,20563066,20563026,+,38,1
reads_R-HPV31,HPV31,left,4,3139,chr18,20590718,20590679,+,38,2
reads_R-HPV31,HPV31,left,1,3139,chr18,20599563,20599523,+,38,1
reads_R-HPV31,HPV31,left,1,3139,chr18,20589356,20589316,+,38,1
reads_R-HPV31,HPV31,left,4,3139,KI270739.1,57843,57804,+,37,2
reads_R-HPV31,HPV31,left,1,3139,chr5,46361968,46361931,+,36,1
reads_R-HPV31,HPV31,right,10,3217,chr14,69897787,69897826,+,42,11
reads_R-HPV31,HPV31,right,10,3247,chr15,26476477,26476514,+,43,8
reads_R-HPV31,HPV31,right,10,3291,chr13,80131388,80131426,+,42,10
reads_R-HPV31,HPV31,right,10,3476,chr6,83516182,83516216,+,39,9
reads_R-HPV31,HPV31,left,9,3507,chr16,67510105,67510143,-,43,11
reads_R-HPV31,HPV31,right,10,3923,chr11,115742397,115742360,-,42,10
reads_R-HPV31,HPV31,left,10,4099,chr7,9952830,9952790,+,40,2
reads_R-HPV31,HPV31,left,10,4105,chr7,9952830,9952795,+,42,7
reads_R-HPV31,HPV31,right,10,4264,chr13,23231527,23231564,+,41,9
reads_R-HPV31,HPV31,right,10,4456,chr14,105724693,105724726,+,43,12
reads_R-HPV31,HPV31,right,4,4456,chr12,14760100,14760132,+,31,4
reads_R-HPV31,HPV31,right,4,4456,chr7,124633301,124633333,+,31,3
reads_R-HPV31,HPV31,right,4,4456,chr17,37694481,37694514,+,30,2
reads_R-HPV31,HPV31,right,4,4456,chr14,105655114,105655156,+,42,2
reads_R-HPV31,HPV31,right,4,4456,chr14,105609475,105609517,+,42,2
reads_R-HPV31,HPV31,right,4,4742,chr2,91538425,91538461,+,43,14
reads_R-HPV31,HPV31,right,3,4742,KI270712.1,69583,69619,+,43,14
reads_R-HPV31,HPV31,right,4,4742,chr22,16555452,16555416,-,43,14
reads_R-HPV31,HPV31,right,4,4742,chr2,87386525,87386488,-,43,12
reads_R-HPV31,HPV31,right,4,4742,chr2,90278284,90278246,-,43,11
reads_R-HPV31,HPV31,right,4,4742,chr15,21122803,21122844,+,42,8
reads_R-HPV31,HPV31,right,4,4742,chr15,20116260,20116301,+,42,8
reads_R-HPV31,HPV31,right,4,4742,chrY,837190,837148,-,40,6
reads_R-HPV31,HPV31,right,4,4742,chrX,837190,837148,-,40,6
reads_R-HPV31,HPV31,right,4,4742,chr1,144848777,144848734,-,43,5
reads_R-HPV31,HPV31,right,4,4742,chr22,22259008,22259051,+,43,4
reads_R-HPV31,HPV31,right,4,4742,chr1,144116689,144116732,+,43,4
reads_R-HPV31,HPV31,right,10,4812,chr3,139235804,139235842,+,43,11
reads_R-HPV31,HPV31,left,4,4778,chr15,22089643,22089681,-,41,7
reads_R-HPV31,HPV31,left,4,4778,chr15,21647058,21647096,-,41,7
reads_R-HPV31,HPV31,left,3,4778,KI270727.1,381403,381442,-,41,6
reads_R-HPV31,HPV31,right,10,5035,chr21,27716055,27716094,+,43,11
reads_R-HPV31,HPV31,left,10,5256,chr20,4675431,4675394,+,43,14
reads_R-HPV31,HPV31,right,10,5326,chr11,59607452,59607491,+,42,11
reads_R-HPV31,HPV31,right,10,5400,chr14,20221297,20221334,+,42,10
reads_R-HPV31,HPV31,left,10,5524,chr3,198022128,198022090,+,43,10
reads_R-HPV31,HPV31,right,10,5650,chr5,104544479,104544516,+,42,14
reads_R-HPV31,HPV31,left,4,5730,chr9,63312039,63312072,-,43,12
reads_R-HPV31,HPV31,left,4,5730,chr9,43104831,43104864,-,43,12
reads_R-HPV31,HPV31,left,4,5730,chr9,65899816,65899783,+,43,11
reads_R-HPV31,HPV31,left,4,5730,chr9,63148463,63148430,+,43,11
reads_R-HPV31,HPV31,left,4,5730,chr2,94609608,94609573,+,43,10
reads_R-HPV31,HPV31,left,4,5730,chr9,64616514,64616549,-,43,10
reads_R-HPV31,HPV31,left,4,5730,chr14,27858904,27858939,-,41,10
reads_R-HPV31,HPV31,left,4,5730,chr9,40476503,40476540,-,43,8
reads_R-HPV31,HPV31,left,10,5795,chr15,71816162,71816125,+,43,15
reads_R-HPV31,HPV31,left,10,5864,chr6,29746384,29746344,+,43,9
reads_R-HPV31,HPV31,left,10,6008,chr22,17917315,17917353,-,42,11
reads_R-HPV31,HPV31,left,10,6240,chr2,115146626,115146661,-,40,9
reads_R-HPV31,HPV31,left,4,6332,chr19,44373901,44373864,+,42,10
reads_R-HPV31,HPV31,left,4,6332,chr20,30563430,30563468,-,42,10
reads_R-HPV31,HPV31,left,4,6332,chr2,132330697,132330738,-,41,5
reads_R-HPV31,HPV31,right,10,6477,chr4,151859955,151859991,+,42,11
reads_R-HPV31,HPV31,left,10,6733,chr3,70750177,70750216,-,43,12
reads_R-HPV31,HPV31,left,4,6801,chrY,3431455,3431414,+,41,7
reads_R-HPV31,HPV31,left,4,6801,chrX,84424577,84424536,+,42,7
reads_R-HPV31,HPV31,left,4,6801,chrX,14349660,14349621,+,40,11
reads_R-HPV31,HPV31,left,4,6801,chrX,63973340,63973300,+,40,8
reads_R-HPV31,HPV31,left,4,6801,chrX,64075005,64074964,+,41,7
reads_R-HPV31,HPV31,left,4,6801,chrX,96122061,96122023,+,37,5
reads_R-HPV31,HPV31,left,4,6801,chrX,102444666,102444625,+,41,7
reads_R-HPV31,HPV31,left,4,6801,chrX,103648702,103648661,+,41,7
reads_R-HPV31,HPV31,left,4,6801,chrX,112412471,112412430,+,41,7
reads_R-HPV31,HPV31,left,4,6801,chrX,144815961,144815920,+,40,7
reads_R-HPV31,HPV31,left,4,6801,chrX,45537911,45537871,+,40,7
reads_R-HPV31,HPV31,left,4,6801,chrX,109949515,109949477,+,37,3
reads_R-HPV31,HPV31,left,4,6801,chrX,117883207,117883168,+,40,5
reads_R-HPV31,HPV31,left,4,6801,chrX,141296511,141296473,+,36,2
reads_R-HPV31,HPV31,left,4,6801,chrX,94988305,94988266,+,37,3
reads_R-HPV31,HPV31,left,4,6801,chrX,76963658,76963622,+,34,2
reads_R-HPV31,HPV31,left,4,6801,chr9,28240394,28240353,+,40,7
reads_R-HPV31,HPV31,left,4,6801,chr9,87364674,87364634,+,39,7
reads_R-HPV31,HPV31,left,4,6801,chr8,65918207,65918166,+,40,7
reads_R-HPV31,HPV31,left,4,6801,chr8,59878282,59878241,+,40,7
reads_R-HPV31,HPV31,left,4,6801,chr7,95763055,95763014,+,41,7
reads_R-HPV31,HPV31,left,4,6801,chr7,85432591,85432551,+,38,5
reads_R-HPV31,HPV31,left,4,6801,chr7,90027085,90027044,+,40,7
reads_R-HPV31,HPV31,left,4,6801,chr7,116001077,116001036,+,40,7
reads_R-HPV31,HPV31,left,4,6801,chr6,138057717,138057676,+,40,7
reads_R-HPV31,HPV31,left,4,6801,chr6,116509462,116509421,+,40,7
reads_R-HPV31,HPV31,left,4,6801,chr6,100019541,100019500,+,41,7
reads_R-HPV31,HPV31,left,4,6801,chr6,170665335,170665295,+,38,7
reads_R-HPV31,HPV31,left,4,6801,chr6,155845584,155845543,+,40,7
reads_R-HPV31,HPV31,left,4,6801,chr6,142053708,142053667,+,40,7
reads_R-HPV31,HPV31,left,4,6801,chr5,78257787,78257746,+,42,8
reads_R-HPV31,HPV31,left,4,6801,chr5,93712822,93712781,+,40,7
reads_R-HPV31,HPV31,left,4,6801,chr5,157412151,157412114,+,40,8
reads_R-HPV31,HPV31,left,4,6801,chr5,181389806,181389766,+,38,7
reads_R-HPV31,HPV31,left,4,6801,chr4,44466648,44466607,+,41,7
reads_R-HPV31,HPV31,left,4,6801,chr4,77646782,77646741,+,41,7
reads_R-HPV31,HPV31,left,4,6801,chr4,46599521,46599483,+,39,7
reads_R-HPV31,HPV31,left,4,6801,chr4,6810194,6810153,+,39,7
reads_R-HPV31,HPV31,left,4,6801,chr4,17432363,17432324,+,39,10
reads_R-HPV31,HPV31,left,4,6801,chr4,157813559,157813519,+,38,5
reads_R-HPV31,HPV31,left,4,6801,chr4,170299912,170299876,+,34,2
reads_R-HPV31,HPV31,left,4,6801,chr3,18707056,18707015,+,40,7
reads_R-HPV31,HPV31,left,4,6801,chr3,115355356,115355315,+,41,7
reads_R-HPV31,HPV31,left,4,6801,chr3,122839005,122838964,+,40,7
reads_R-HPV31,HPV31,left,4,6801,chr3,191487651,191487610,+,41,7
reads_R-HPV31,HPV31,left,4,6801,chr3,103118075,103118035,+,38,5
reads_R-HPV31,HPV31,left,4,6801,chr3,163602872,163602831,+,40,7
reads_R-HPV31,HPV31,left,4,6801,chr21,28199129,28199088,+,39,7
reads_R-HPV31,HPV31,left,4,6801,chr20,60979814,60979774,+,38,5
reads_R-HPV31,HPV31,left,4,6801,chr2,83607310,83607269,+,41,7
reads_R-HPV31,HPV31,left,4,6801,chr2,106217212,106217171,+,41,7
reads_R-HPV31,HPV31,left,4,6801,chr2,142700044,142700005,+,38,7
reads_R-HPV31,HPV31,left,4,6801,chr2,153730209,153730168,+,40,7
reads_R-HPV31,HPV31,left,4,6801,chr2,129835632,129835592,+,41,7
reads_R-HPV31,HPV31,left,4,6801,chr2,148418996,148418950,+,40,7
reads_R-HPV31,HPV31,left,4,6801,chr19,15472943,15472902,+,41,7
reads_R-HPV31,HPV31,left,4,6801,chr18,4913506,4913465,+,41,7
reads_R-HPV31,HPV31,left,4,6801,chr18,25890129,25890089,+,39,7
reads_R-HPV31,HPV31,left,4,6801,chr17,6785069,6785030,+,37,7
reads_R-HPV31,HPV31,left,4,6801,chr15,77399435,77399396,+,42,12
reads_R-HPV31,HPV31,left,4,6801,chr15,94114432,94114391,+,40,7
reads_R-HPV31,HPV31,left,4,6801,chr15,62311900,62311859,+,41,7
reads_R-HPV31,HPV31,left,4,6801,chr15,39217928,39217887,+,40,7
reads_R-HPV31,HPV31,left,4,6801,chr14,70494549,70494508,+,42,8
reads_R-HPV31,HPV31,left,4,6801,chr14,47892311,47892270,+,40,7
reads_R-HPV31,HPV31,left,4,6801,chr13,56641118,56641077,+,40,7
reads_R-HPV31,HPV31,left,4,6801,chr13,52613739,52613698,+,40,7
reads_R-HPV31,HPV31,left,4,6801,chr12,71180937,71180896,+,40,7
reads_R-HPV31,HPV31,left,4,6801,chr12,74798462,74798421,+,39,7
reads_R-HPV31,HPV31,left,4,6801,chr12,44966004,44965963,+,39,7
reads_R-HPV31,HPV31,left,4,6801,chr12,111909668,111909628,+,39,7
reads_R-HPV31,HPV31,left,4,6801,chr11,37369193,37369152,+,41,7
reads_R-HPV31,HPV31,left,4,6801,chr11,79142749,79142708,+,41,7
reads_R-HPV31,HPV31,left,4,6801,chr11,74516753,74516712,+,41,7
reads_R-HPV31,HPV31,left,4,6801,chr10,127726032,127725991,+,41,7
reads_R-HPV31,HPV31,left,4,6801,chr10,129997772,129997732,+,38,5
reads_R-HPV31,HPV31,left,4,6801,chr10,56152718,56152677,+,40,7
reads_R-HPV31,HPV31,left,4,6801,chr1,164393245,164393204,+,41,7
reads_R-HPV31,HPV31,left,4,6801,chr1,245889855,245889814,+,41,7
reads_R-HPV31,HPV31,left,4,6801,chr1,98642855,98642816,+,41,12
reads_R-HPV31,HPV31,left,4,6801,chr1,35041705,35041664,+,41,7
reads_R-HPV31,HPV31,left,4,6801,chr1,113315822,113315781,+,39,7
reads_R-HPV31,HPV31,left,4,6801,chr1,211462472,211462434,+,36,3
reads_R-HPV31,HPV31,left,3,6801,KI270748.1,14569,14529,+,38,7
reads_R-HPV31,HPV31,left,4,6801,chrX,99041752,99041792,-,40,8
reads_R-HPV31,HPV31,left,4,6801,chrX,113924995,113925036,-,41,8
reads_R-HPV31,HPV31,left,4,6801,chrX,45993305,45993346,-,41,7
reads_R-HPV31,HPV31,left,4,6801,chrX,76283600,76283640,-,38,7
reads_R-HPV31,HPV31,left,4,6801,chrX,80632165,80632206,-,40,7
reads_R-HPV31,HPV31,left,4,6801,chrX,95386121,95386162,-,41,7
reads_R-HPV31,HPV31,left,4,6801,chrX,102242442,102242483,-,41,7
reads_R-HPV31,HPV31,left,4,6801,chrX,45206412,45206453,-,40,7
reads_R-HPV31,HPV31,left,4,6801,chrX,102775129,102775170,-,40,7
reads_R-HPV31,HPV31,left,4,6801,chr9,73383628,73383668,-,40,7
reads_R-HPV31,HPV31,left,4,6801,chr9,2309426,2309467,-,40,7
reads_R-HPV31,HPV31,left,4,6801,chr8,111382892,111382933,-,39,7
reads_R-HPV31,HPV31,left,4,6801,chr8,37437308,37437349,-,40,7
reads_R-HPV31,HPV31,left,4,6801,chr7,119897641,119897682,-,40,7
reads_R-HPV31,HPV31,left,4,6801,chr7,61782598,61782637,-,36,2
reads_R-HPV31,HPV31,left,4,6801,chr7,65332658,65332698,-,37,5
reads_R-HPV31,HPV31,left,4,6801,chr6,62957218,62957259,-,41,7
reads_R-HPV31,HPV31,left,4,6801,chr6,73843294,73843335,-,41,7
reads_R-HPV31,HPV31,left,4,6801,chr6,89541021,89541062,-,41,7
reads_R-HPV31,HPV31,left,4,6801,chr6,126587171,126587212,-,40,7
reads_R-HPV31,HPV31,left,4,6801,chr6,85039,85079,-,38,7
reads_R-HPV31,HPV31,left,4,6801,chr6,117428417,117428458,-,40,7
reads_R-HPV31,HPV31,left,4,6801,chr6,83738990,83739031,-,39,7
reads_R-HPV31,HPV31,left,4,6801,chr4,160950941,160950982,-,40,7
reads_R-HPV31,HPV31,left,4,6801,chr4,106964061,106964102,-,41,7
reads_R-HPV31,HPV31,left,4,6801,chr4,107327007,107327048,-,39,7
reads_R-HPV31,HPV31,left,4,6801,chr3,81524803,81524844,-,40,7
reads_R-HPV31,HPV31,left,4,6801,chr3,50866825,50866866,-,41,7
reads_R-HPV31,HPV31,left,4,6801,chr3,29571669,29571710,-,40,7
reads_R-HPV31,HPV31,left,4,6801,chr3,173272577,173272618,-,39,7
reads_R-HPV31,HPV31,left,4,6801,chr3,168148064,168148105,-,40,7
reads_R-HPV31,HPV31,left,4,6801,chr21,45663770,45663811,-,40,7
reads_R-HPV31,HPV31,left,4,6801,chr21,18080731,18080767,-,34,2
reads_R-HPV31,HPV31,left,4,6801,chr2,4387194,4387233,-,39,7
reads_R-HPV31,HPV31,left,4,6801,chr2,61981882,61981923,-,41,7
reads_R-HPV31,HPV31,left,4,6801,chr2,187721319,187721360,-,40,7
reads_R-HPV31,HPV31,left,4,6801,chr2,188460039,188460079,-,40,7
reads_R-HPV31,HPV31,left,4,6801,chr2,77826194,77826234,-,38,5
reads_R-HPV31,HPV31,left,4,6801,chr18,8974073,8974113,-,38,5
reads_R-HPV31,HPV31,left,4,6801,chr15,47235714,47235755,-,40,7
reads_R-HPV31,HPV31,left,4,6801,chr15,37392218,37392257,-,37,7
reads_R-HPV31,HPV31,left,4,6801,chr15,91415343,91415383,-,40,7
reads_R-HPV31,HPV31,left,4,6801,chr15,101838954,101838995,-,39,7
reads_R-HPV31,HPV31,left,4,6801,chr14,40679958,40679996,-,41,11
reads_R-HPV31,HPV31,left,4,6801,chr14,80510018,80510059,-,41,7
reads_R-HPV31,HPV31,left,4,6801,chr13,88800069,88800110,-,41,7
reads_R-HPV31,HPV31,left,4,6801,chr13,95665316,95665356,-,40,7
reads_R-HPV31,HPV31,left,4,6801,chr13,71417862,71417901,-,38,7
reads_R-HPV31,HPV31,left,4,6801,chr13,35033400,35033441,-,39,7
reads_R-HPV31,HPV31,left,4,6801,chr13,106205076,106205114,-,38,7
reads_R-HPV31,HPV31,left,4,6801,chr12,20170754,20170792,-,41,11
reads_R-HPV31,HPV31,left,4,6801,chr12,9790065,9790103,-,38,7
reads_R-HPV31,HPV31,left,4,6801,chr12,13494839,13494880,-,40,7
reads_R-HPV31,HPV31,left,4,6801,chr11,63053978,63054019,-,41,7
reads_R-HPV31,HPV31,left,4,6801,chr10,32616054,32616095,-,40,7
reads_R-HPV31,HPV31,left,4,6801,chr10,63807167,63807208,-,40,7
reads_R-HPV31,HPV31,left,4,6801,chr1,103322149,103322188,-,43,11
reads_R-HPV31,HPV31,left,4,6801,chr1,100696373,100696412,-,40,8
reads_R-HPV31,HPV31,left,4,6801,chr1,67034086,67034127,-,41,7
reads_R-HPV31,HPV31,left,4,6801,chr1,88362404,88362445,-,39,7
reads_R-HPV31,HPV31,left,4,6801,chr1,100550294,100550335,-,39,7
reads_R-HPV31,HPV31,left,4,6801,chr1,113204889,113204930,-,41,7
reads_R-HPV31,HPV31,left,4,6801,chr1,113625089,113625130,-,41,7
reads_R-HPV31,HPV31,left,4,6801,chr1,171094833,171094873,-,40,5
reads_R-HPV31,HPV31,left,4,6801,chr1,173000108,173000149,-,41,7
reads_R-HPV31,HPV31,left,4,6801,chr1,184169080,184169121,-,41,7
reads_R-HPV31,HPV31,left,4,6801,chr1,186970802,186970843,-,40,7
reads_R-HPV31,HPV31,left,4,6801,chr1,207253352,207253393,-,40,7
reads_R-HPV31,HPV31,left,4,6801,chr1,207274130,207274171,-,40,7
reads_R-HPV31,HPV31,left,4,6801,chr1,214704773,214704813,-,40,5
reads_R-HPV31,HPV31,left,4,6801,chr1,198050397,198050438,-,40,7
reads_R-HPV31,HPV31,left,4,6801,chr2,199719420,199719449,-,34,5
reads_R-HPV31,HPV31,left,4,6801,chr19,15904833,15904860,-,27,2
reads_R-HPV31,HPV31,left,1,6801,chrX,117814160,117814134,+,26,1
reads_R-HPV31,HPV31,left,1,6801,chrX,80499838,80499812,+,26,1
reads_R-HPV31,HPV31,left,1,6801,chr7,140817560,140817534,+,26,1
reads_R-HPV31,HPV31,left,1,6801,chr7,87046953,87046927,+,26,1
reads_R-HPV31,HPV31,left,1,6801,chr6,82850934,82850908,+,26,1
reads_R-HPV31,HPV31,left,1,6801,chr4,67867098,67867072,+,26,1
reads_R-HPV31,HPV31,left,1,6801,chr4,2190177,2190151,+,26,1
reads_R-HPV31,HPV31,left,1,6801,chr4,31281548,31281523,+,25,1
reads_R-HPV31,HPV31,left,1,6801,chr3,169736986,169736960,+,26,1
reads_R-HPV31,HPV31,left,1,6801,chr3,159409892,159409866,+,26,1
reads_R-HPV31,HPV31,left,1,6801,chr2,129899837,129899811,+,26,1
reads_R-HPV31,HPV31,left,1,6801,chr19,15700720,15700694,+,26,1
reads_R-HPV31,HPV31,left,1,6801,chr18,43178293,43178267,+,26,1
reads_R-HPV31,HPV31,left,1,6801,chr18,31734131,31734105,+,26,1
reads_R-HPV31,HPV31,left,1,6801,chr18,14109954,14109929,+,25,1
reads_R-HPV31,HPV31,left,1,6801,chr15,46951357,46951331,+,26,1
reads_R-HPV31,HPV31,left,1,6801,chr15,42760950,42760924,+,26,1
reads_R-HPV31,HPV31,left,1,6801,chr13,66652743,66652717,+,26,1
reads_R-HPV31,HPV31,left,1,6801,chr13,56410431,56410405,+,26,1
reads_R-HPV31,HPV31,left,1,6801,chrX,117579649,117579675,-,26,1
reads_R-HPV31,HPV31,left,1,6801,chrX,14168865,14168891,-,26,1
reads_R-HPV31,HPV31,left,1,6801,chr9,93745595,93745621,-,26,1
reads_R-HPV31,HPV31,left,1,6801,chr7,126811263,126811289,-,26,1
reads_R-HPV31,HPV31,left,1,6801,chr5,117466271,117466297,-,26,1
reads_R-HPV31,HPV31,left,1,6801,chr5,1303499,1303525,-,26,1
reads_R-HPV31,HPV31,left,1,6801,chr3,104968641,104968667,-,26,1
reads_R-HPV31,HPV31,left,1,6801,chr3,58479935,58479961,-,26,1
reads_R-HPV31,HPV31,left,1,6801,chr21,22412012,22412038,-,26,1
reads_R-HPV31,HPV31,left,1,6801,chr2,117884015,117884041,-,26,1
reads_R-HPV31,HPV31,left,1,6801,chr2,103076621,103076647,-,26,1
reads_R-HPV31,HPV31,left,1,6801,chr2,52376379,52376404,-,25,1
reads_R-HPV31,HPV31,left,1,6801,chr18,67595858,67595884,-,26,1
reads_R-HPV31,HPV31,left,1,6801,chr15,67285831,67285857,-,26,1
reads_R-HPV31,HPV31,left,1,6801,chr12,105620723,105620749,-,26,1
reads_R-HPV31,HPV31,left,4,6801,chrY,6561397,6561356,+,38,5
reads_R-HPV31,HPV31,left,4,6801,chrX,11988204,11988162,+,41,4
reads_R-HPV31,HPV31,left,4,6801,chrX,14035689,14035647,+,41,4
reads_R-HPV31,HPV31,left,4,6801,chrX,95527979,95527937,+,41,4
reads_R-HPV31,HPV31,left,4,6801,chrX,100549940,100549899,+,41,5
reads_R-HPV31,HPV31,left,4,6801,chrX,145209479,145209437,+,41,4
reads_R-HPV31,HPV31,left,4,6801,chrX,106688524,106688481,+,40,2
reads_R-HPV31,HPV31,left,4,6801,chr9,32598463,32598422,+,41,5
reads_R-HPV31,HPV31,left,4,6801,chr9,12894318,12894276,+,40,4
reads_R-HPV31,HPV31,left,4,6801,chr8,62574541,62574500,+,41,5
reads_R-HPV31,HPV31,left,4,6801,chr8,121489816,121489774,+,40,4
reads_R-HPV31,HPV31,left,4,6801,chr8,37770255,37770214,+,39,5
reads_R-HPV31,HPV31,left,4,6801,chr7,126676491,126676450,+,42,5
reads_R-HPV31,HPV31,left,4,6801,chr6,109412508,109412467,+,41,5
reads_R-HPV31,HPV31,left,4,6801,chr6,66255417,66255375,+,40,4
reads_R-HPV31,HPV31,left,4,6801,chr5,68979875,68979833,+,41,4
reads_R-HPV31,HPV31,left,4,6801,chr5,43471559,43471516,+,40,2
reads_R-HPV31,HPV31,left,4,6801,chr5,111431099,111431056,+,40,2
reads_R-HPV31,HPV31,left,4,6801,chr5,111141137,111141095,+,39,4
reads_R-HPV31,HPV31,left,4,6801,chr5,30333525,30333487,+,36,4
reads_R-HPV31,HPV31,left,4,6801,chr4,33156317,33156276,+,41,5
reads_R-HPV31,HPV31,left,4,6801,chr4,127187174,127187133,+,38,5
reads_R-HPV31,HPV31,left,4,6801,chr4,187805085,187805044,+,38,5
reads_R-HPV31,HPV31,left,4,6801,chr3,87328666,87328625,+,40,5
reads_R-HPV31,HPV31,left,4,6801,chr3,142083620,142083578,+,40,4
reads_R-HPV31,HPV31,left,4,6801,chr3,28472342,28472300,+,39,4
reads_R-HPV31,HPV31,left,4,6801,chr3,108194602,108194560,+,38,2
reads_R-HPV31,HPV31,left,4,6801,chr22,47185519,47185478,+,39,5
reads_R-HPV31,HPV31,left,4,6801,chr21,21347433,21347392,+,40,4
reads_R-HPV31,HPV31,left,4,6801,chr2,110617372,110617330,+,41,4
reads_R-HPV31,HPV31,left,4,6801,chr2,180877672,180877630,+,41,4
reads_R-HPV31,HPV31,left,4,6801,chr2,199063229,199063188,+,38,5
reads_R-HPV31,HPV31,left,4,6801,chr19,29160138,29160097,+,40,5
reads_R-HPV31,HPV31,left,4,6801,chr15,101898199,101898159,+,38,4
reads_R-HPV31,HPV31,left,4,6801,chr14,37461124,37461082,+,41,4
reads_R-HPV31,HPV31,left,4,6801,chr14,49531599,49531558,+,41,5
reads_R-HPV31,HPV31,left,4,6801,chr14,91445747,91445705,+,40,4
reads_R-HPV31,HPV31,left,4,6801,chr13,81038888,81038847,+,41,5
reads_R-HPV31,HPV31,left,4,6801,chr13,22365198,22365155,+,39,2
reads_R-HPV31,HPV31,left,4,6801,chr12,61937421,61937380,+,40,5
reads_R-HPV31,HPV31,left,4,6801,chr12,106264527,106264486,+,39,5
reads_R-HPV31,HPV31,left,4,6801,chr11,28032484,28032443,+,40,5
reads_R-HPV31,HPV31,left,4,6801,chr11,91010256,91010215,+,40,5
reads_R-HPV31,HPV31,left,4,6801,chr11,102738668,102738625,+,40,2
reads_R-HPV31,HPV31,left,4,6801,chr1,60123928,60123887,+,40,5
reads_R-HPV31,HPV31,left,4,6801,chrY,5076809,5076852,-,41,2
reads_R-HPV31,HPV31,left,4,6801,chrX,34187288,34187330,-,40,4
reads_R-HPV31,HPV31,left,4,6801,chrX,80124796,80124837,-,40,5
reads_R-HPV31,HPV31,left,4,6801,chrX,126014231,126014273,-,39,2
reads_R-HPV31,HPV31,left,4,6801,chrX,87437901,87437944,-,39,2
reads_R-HPV31,HPV31,left,4,6801,chrX,116028053,116028094,-,39,5
reads_R-HPV31,HPV31,left,4,6801,chr9,7424135,7424176,-,41,5
reads_R-HPV31,HPV31,left,4,6801,chr9,84113657,84113695,-,38,4
reads_R-HPV31,HPV31,left,4,6801,chr8,86990586,86990629,-,41,2
reads_R-HPV31,HPV31,left,4,6801,chr8,46678493,46678534,-,40,5
reads_R-HPV31,HPV31,left,4,6801,chr8,71883034,71883076,-,40,4
reads_R-HPV31,HPV31,left,4,6801,chr8,113485054,113485097,-,40,2
reads_R-HPV31,HPV31,left,4,6801,chr7,22306947,22306989,-,40,4
reads_R-HPV31,HPV31,left,4,6801,chr7,28335092,28335133,-,39,5
reads_R-HPV31,HPV31,left,4,6801,chr7,95185920,95185960,-,38,4
reads_R-HPV31,HPV31,left,4,6801,chr6,49880450,49880491,-,41,5
reads_R-HPV31,HPV31,left,4,6801,chr6,63180692,63180734,-,39,4
reads_R-HPV31,HPV31,left,4,6801,chr6,85929220,85929262,-,39,4
reads_R-HPV31,HPV31,left,4,6801,chr5,27419869,27419910,-,42,5
reads_R-HPV31,HPV31,left,4,6801,chr5,41691202,41691244,-,40,4
reads_R-HPV31,HPV31,left,4,6801,chr5,127722852,127722893,-,40,5
reads_R-HPV31,HPV31,left,4,6801,chr5,80684079,80684121,-,40,4
reads_R-HPV31,HPV31,left,4,6801,chr5,42706785,42706823,-,37,4
reads_R-HPV31,HPV31,left,4,6801,chr5,125983873,125983914,-,38,5
reads_R-HPV31,HPV31,left,4,6801,chr4,143770168,143770210,-,40,4
reads_R-HPV31,HPV31,left,4,6801,chr4,166557647,166557689,-,40,4
reads_R-HPV31,HPV31,left,4,6801,chr4,86649623,86649663,-,39,5
reads_R-HPV31,HPV31,left,4,6801,chr4,129820030,129820068,-,37,4
reads_R-HPV31,HPV31,left,4,6801,chr3,8191021,8191063,-,42,4
reads_R-HPV31,HPV31,left,4,6801,chr3,149886125,149886166,-,41,5
reads_R-HPV31,HPV31,left,4,6801,chr3,59201245,59201286,-,40,5
reads_R-HPV31,HPV31,left,4,6801,chr3,110702244,110702285,-,39,5
reads_R-HPV31,HPV31,left,4,6801,chr3,170944997,170945039,-,40,4
reads_R-HPV31,HPV31,left,4,6801,chr3,139009469,139009509,-,38,2
reads_R-HPV31,HPV31,left,4,6801,chr3,173523650,173523692,-,39,4
reads_R-HPV31,HPV31,left,4,6801,chr21,39753388,39753428,-,38,5
reads_R-HPV31,HPV31,left,4,6801,chr20,29902172,29902214,-,40,4
reads_R-HPV31,HPV31,left,4,6801,chr2,139841089,139841131,-,42,4
reads_R-HPV31,HPV31,left,4,6801,chr2,171071993,171072034,-,42,5
reads_R-HPV31,HPV31,left,4,6801,chr2,109754121,109754162,-,41,5
reads_R-HPV31,HPV31,left,4,6801,chr2,214924472,214924513,-,41,5
reads_R-HPV31,HPV31,left,4,6801,chr2,148222154,148222196,-,40,4
reads_R-HPV31,HPV31,left,4,6801,chr19,12214118,12214159,-,40,5
reads_R-HPV31,HPV31,left,4,6801,chr19,136636,136676,-,38,5
reads_R-HPV31,HPV31,left,4,6801,chr19,51218919,51218960,-,38,5
reads_R-HPV31,HPV31,left,4,6801,chr19,36443875,36443916,-,38,5
reads_R-HPV31,HPV31,left,4,6801,chr12,59439186,59439227,-,42,5
reads_R-HPV31,HPV31,left,4,6801,chr12,28283104,28283146,-,41,4
reads_R-HPV31,HPV31,left,4,6801,chr12,118807877,118807920,-,40,2
reads_R-HPV31,HPV31,left,4,6801,chr12,61234077,61234119,-,40,4
reads_R-HPV31,HPV31,left,4,6801,chr12,4748616,4748657,-,40,5
reads_R-HPV31,HPV31,left,4,6801,chr11,125793761,125793802,-,39,5
reads_R-HPV31,HPV31,left,4,6801,chr11,125852920,125852961,-,38,5
reads_R-HPV31,HPV31,left,4,6801,chr10,59401104,59401145,-,40,5
reads_R-HPV31,HPV31,left,4,6801,chr10,30297744,30297785,-,39,5
reads_R-HPV31,HPV31,left,4,6801,chr1,57155421,57155462,-,41,5
reads_R-HPV31,HPV31,left,4,6801,chrX,67906757,67906717,+,38,3
reads_R-HPV31,HPV31,left,4,6801,chr17,37812117,37812159,-,38,2
reads_R-HPV31,HPV31,left,4,6801,chr1,429081,429121,-,38,2
reads_R-HPV31,HPV31,left,4,6801,chr1,664822,664862,-,38,2
reads_R-HPV31,HPV31,right,10,6953,chr11,79766356,79766393,+,43,15
reads_R-HPV31,HPV31,right,10,7195,chr14,84956562,84956600,+,42,10
reads_R-HPV31,HPV31,right,4,7396,chr22,17609546,17609579,+,42,12
reads_R-HPV31,HPV31,right,4,7396,chr12,19104908,19104941,+,43,12
reads_R-HPV31,HPV31,right,4,7396,chr1,49535769,49535802,+,43,12
reads_R-HPV31,HPV31,right,4,7396,chr4,45586654,45586621,-,42,12
reads_R-HPV31,HPV31,right,4,7396,chr3,20182957,20182924,-,43,12
reads_R-HPV31,HPV31,right,4,7396,chr8,9587478,9587510,+,42,11
reads_R-HPV31,HPV31,right,4,7396,chr4,140278377,140278412,+,42,10
reads_R-HPV31,HPV31,right,4,7396,chr10,123493820,123493857,+,41,8
